wave,AB mag
3233.3929468290044,24.961675984574804
3235.3320083145586,nan
3237.270705750913,nan
3239.2086723128373,nan
3241.1495475391257,nan
3243.09204362438,26.436526740188974
3245.0281984258763,nan
3246.9721108612143,25.366299402826833
3248.9083440054746,25.0494931074524
3250.8474588545578,24.590506537798838
3252.7866158271277,24.744206435851204
3254.7311843925804,24.584620156334175
3256.6642507194356,23.99653723970004
3258.5981554126856,24.364362911622415
3260.5413049434633,23.909172909936437
3262.4881423159354,23.68548392031564
3264.417113738444,23.87251598875813
3266.3674257229754,23.51830184536758
3268.29981976973,23.769768103763305
3270.238686005993,23.696334305874664
3272.1813258363063,23.613291685996337
3274.130053883313,23.64198075136303
3276.054313624765,23.348556091712574
3277.9974924607495,23.409876008233546
3279.9395447188585,23.208096063374263
3281.874709684959,23.172105862425347
3283.8147079993337,23.144898809409618
3285.7517625394203,23.107973937675588
3287.68619813943,23.02063274602802
3289.630631674707,22.952742978216925
3291.5687879881916,22.956808736780808
3293.5085065686376,22.90028986892701
3295.446947927184,22.91507188026184
3297.3851076656406,22.842040468730936
3299.326351600234,22.7535214483163
3301.261212334011,22.7669667151308
3303.2026150099596,22.696735474990383
3305.1396090654957,22.686784490767984
3307.079752288577,22.648383649852796
3309.016797081104,22.62093434938381
3310.956218890106,22.53578955069188
3312.894955695505,22.72104696814042
3314.8330077562287,22.66180351624954
3316.7717241569435,22.647307817913692
3318.709901184688,22.765573308674867
3320.649530894053,22.791159347406115
3322.5855326149363,22.775757510931292
3324.526922078308,22.767084664258313
3326.4633135335707,22.792189781962954
3328.401437428738,22.87763057521166
3330.341714555431,22.909477834952646
3332.277522603039,22.86751061049994
3334.217506891148,22.934329774344384
3336.1546810462137,23.025951564245737
3338.0942993667713,22.995035446580196
3340.0322546175007,23.22510615993263
3341.9694434764456,23.242385813247346
3343.906894389141,23.351112797101358
3345.847697472955,23.336104254175503
3347.782591416829,23.51978412874559
3349.723038979084,23.418751117759776
3351.658800766055,23.350552614729217
3353.6005562538203,23.16370975000222
3355.5346593232166,23.186813705352883
3357.475355092587,23.184688087755454
3359.411597068079,23.03745843471605
3361.3511125509467,22.89815982725306
3363.2873544956856,22.798518054681743
3365.229492667715,22.786541239183514
3367.1642073801436,22.715629751626516
3369.1011061739046,22.659821203333472
3371.039922097538,22.583172636789918
3372.9774295423817,22.61975108819575
3374.9139685729638,22.5502568264016
3376.8544309681324,22.54939551240556
3378.790234451626,22.501895256501676
3380.728497774403,22.547146650179677
3382.6651654607144,22.422602676674735
3384.6044539046056,22.53548459322834
3386.5405443571763,22.5099852925755
3388.4791204438657,22.600212556058615
3390.415283960984,22.668433647786365
3392.3495319823323,22.729731960893822
3394.29001555602,22.81702821220137
3396.230418701169,22.812730557773598
3398.166854697252,22.974080356601412
3400.1033940408183,22.90055555559639
3402.0417197846373,23.027109721246212
3403.977832539191,23.06366884035311
3405.9183398317787,23.032676752823754
3407.8509027304012,23.05676539273079
3409.7927320088793,22.957786718488826
3411.728338834052,22.947773360705945
3413.663729567568,22.990050781260884
3415.6119708950287,22.995412120922943
3417.538975462505,22.927795218747967
3419.4776548172113,22.95866721392877
3421.414609719505,22.907727859676903
3423.35292529602,22.942482289046517
3425.289223579085,22.969243896865812
3427.225771987506,22.906760104094637
3429.164098715042,22.806201573639633
3431.0996358674834,22.91298304918964
3433.0381885211536,22.890431069464334
3434.974496319981,22.819929666095696
3436.9118485216522,22.855739049957826
3438.848580360205,22.77593349218248
3440.785822921383,22.700512470992173
3442.722986654009,22.86043501878111
3444.6593783606627,22.669797491607362
3446.5970030369635,22.738008759599715
3448.5336235538925,22.652608201257628
3450.4696428096363,22.727799744081672
3452.409071223974,22.657283426304225
3454.342388354183,22.706547033038824
3456.2821395394994,22.656080847369502
3458.2179381546334,22.770267703752133
3460.154817234669,22.616445648248167
3462.0917135345794,22.692783660340275
3464.028222686666,22.712315245420136
3465.965549739226,22.758464501872375
3467.900830001213,22.606986865295177
3469.839622429203,22.61112906396722
3471.7745670527347,22.56939654696236
3473.7122942744177,22.51355950042933
3475.648055280418,22.53380982105643
3477.585868130606,22.553754975115417
3479.5212360622845,22.53324510803909
3481.4596574058273,22.502764078477107
3483.392503509726,22.45000497027751
3485.333877605791,22.47565476615153
3487.2670440063916,22.527374220789092
3489.204038228181,22.525134682466124
3491.142741646428,22.46247852764801
3493.0759626863623,22.452459269671344
3495.0147838463645,22.506782685670792
3496.950064419281,22.581511335602507
3498.8875120773723,22.522545502857504
3500.822733220533,22.62502551495337
3502.760178699648,22.680542058346326
3504.694639735204,22.66666512881195
3506.6287744608103,22.71901733295305
3508.5660516825965,22.706590799594117
3510.5058143885362,22.752310736384253
3512.4420527841576,22.874765358011025
3514.375914319508,22.875867154596726
3516.315414767347,22.913165082350538
3518.24953773215,22.973666928200977
3520.1857045217453,22.907182509525036
3522.123571176472,22.972937782499308
3524.057648157288,22.9267613549218
3525.995422829453,23.00355606082278
3527.9300198625906,22.93363737272538
3529.868326989656,22.911585645928703
3531.8018966900213,22.798959346289003
3533.7392071375675,22.712754251924757
3535.6758435547054,22.61957813277673
3537.610052263307,22.589009875549984
3539.5478973971613,22.494934567044773
3541.4829738236544,22.417501917938814
3543.419653151933,22.474305660566934
3545.3546054026324,22.331539245772824
3547.2921139545733,22.316282746813563
3549.227248673354,22.323243115794064
3551.1630530073307,22.25635854008258
3553.0999624897654,22.30096710505341
3555.0342678171696,22.233390613189762
3556.9707131295754,22.258974171534184
3558.9078930388723,22.227270806730623
3560.8404693966645,22.285676662395282
3562.7797321599346,22.320338912458006
3564.713779242751,22.344450778510925
3566.6492232956593,22.415914368662463
3568.587111865784,22.508886628387252
3570.520231632824,22.520613589058037
3572.4579788191677,22.627067848169297
3574.3915312740137,22.6673606095191
3576.330494125432,22.765125463999517
3578.2627600136716,22.769823820602035
3580.2005991013853,22.93529002450878
3582.135329810259,22.880548012715245
3584.0715156169445,23.01243729135745
3586.0065854826116,22.972016534678012
3587.9362031377427,23.07366657829278
3589.871611440199,23.066379714005528
3591.8106761578497,23.14544253458994
3593.751412509177,23.129631615408123
3595.6818257435407,23.16476096412557
3597.620056174141,23.1706959045026
3599.5537495927697,23.203736956913396
3601.4900969402747,23.0990097739682
3603.42728434938,23.044370662571005
3605.3692747280816,23.098701437913128
3607.2991174462904,23.009112096820765
3609.2319899878817,22.974624792456503
3611.169124761998,22.947952804525336
3613.102973104162,22.851202192267912
3615.0406021224694,22.780089965575137
3616.973827951361,22.81432554565321
3618.909852382121,22.800594823101626
3620.8457271890634,22.651606899928517
3622.7797127011363,22.66619325661585
3624.7162165542395,22.572197097280558
3626.651400437297,22.557416023420792
3628.585228529015,22.524199519159687
3630.522936160499,22.517956410670173
3632.456033392862,22.408869992846085
3634.3922298082216,22.482058090268403
3636.328584505526,22.48752813841204
3638.261928977321,22.420826143361786
3640.1982442708613,22.402596574356586
3642.1324896061574,22.403901408527098
3644.0692105556654,22.402777644637574
3646.001885948874,22.381468311096178
3647.9391749471565,22.32320436970381
3649.873123345254,22.391236055561812
3651.809069525914,22.329919432979985
3653.7431593249567,22.41331164452547
3655.679266496678,22.4235596536217
3657.6134625608806,22.453677370361383
3659.5496127431957,22.482011713470747
3661.483174360524,22.495597697499157
3663.4141467085697,22.50163974298399
3665.3537217806265,22.55244646366379
3667.2897894985213,22.5670654463947
3669.2236972388146,22.630189571505646
3671.158976389087,22.650491335951465
3673.0939442871572,22.727141801251754
3675.0284553064657,22.7171776915848
3676.9643650890225,22.787271937965677
3678.8981442076083,22.77495199047761
3680.8336531307577,22.891156807536355
3682.7682365279265,22.86264317381646
3684.703173122978,22.867966549085615
3686.638156455814,22.86515418390072
3688.5727020001923,22.85718180553011
3690.5081605996725,22.829213350762736
3692.4421046176144,22.879224528210692
3694.3775480967324,22.72353458598983
3696.3119707561823,22.756254638541314
3698.2469020235703,22.663209691081555
3700.1815431333353,22.664222537016606
3702.1166355580635,22.68117968854647
3704.05061761839,22.60047078019766
3705.982007603433,22.63494369515056
3707.9191500913535,22.570953879195734
3709.856104090752,22.595918477806457
3711.789514930599,22.62698559127238
3713.7253024149745,22.54104158389716
3715.6584311238457,22.60976466800185
3717.5943984835594,22.58280122105679
3719.5315351424415,22.543048686279143
3721.4624750287285,22.536871519543972
3723.39823229439,22.537942594039826
3725.332242178158,22.624918380661875
3727.266899723333,22.47861580080599
3729.2015795760235,22.476458782956946
3731.1360021493265,22.427463592465678
3733.0707533393743,22.486913049124702
3735.0054264776295,22.327852892746556
3736.9391458687965,22.3609032649103
3738.874853012042,22.375449773532274
3740.8083096598925,22.34579283300851
3742.7434171322375,22.360327274971773
3744.6769729012167,22.315527860980033
3746.6122991819175,22.297639095046655
3748.546397365839,22.32004733389048
3750.481893948357,22.323311123856207
3752.4137270282895,22.343513879003574
3754.351818239018,22.428359251135426
3756.283430549363,22.449917947235726
3758.2193069599266,22.464388934525708
3760.1523296891733,22.504463936079425
3762.08887763456,22.548777771311855
3764.0211097975575,22.49919890038135
3765.9563770486097,22.59203287258328
3767.8904541637326,22.578470961259903
3769.8250847165473,22.605206802590125
3771.7592524578895,22.59861184333564
3773.693820288619,22.647830723494884
3775.6274753272237,22.604805316402413
3777.562500921932,22.621232068028796
3779.4963652766137,22.6277853975022
3781.430840852742,22.6210538877149
3783.364631819629,22.546243016119327
3785.299412258729,22.529426565551255
3787.233397704055,22.60751039057248
3789.167410632465,22.488701397740762
3791.094046350975,22.629528782273105
3793.035404655259,22.55050008428517
3794.970711000741,22.586930181484355
3796.903922267226,22.64065746517843
3798.8403787419375,22.629936645994228
3800.771331191367,22.61902150742427
3802.7077761598607,22.66968836812716
3804.6413270151825,22.55082638948921
3806.574824737682,22.563316557969763
3808.509874909401,22.489759286698607
3810.443455978199,22.594166432992672
3812.3772182741113,22.494990540102712
3814.312629074164,22.621181200994407
3816.245205327558,22.534388296735578
3818.180694983145,22.540072995403143
3820.1141034564116,22.3687351462523
3822.0473941360824,22.445387406984814
3823.983043460835,22.387620387602574
3825.915632036239,22.324550537439727
3827.8504943423027,22.388384099142435
3829.7841604590467,22.339080205483235
3831.7184528409425,22.29632601882465
3833.6520763535577,22.28853618032077
3835.5866203538662,22.33556846492332
3837.519729989816,22.31274035987017
3839.4547973938047,22.2680436368502
3841.3880791821857,22.309962153923756
3843.322016316935,22.36061932691951
3845.2566535090914,22.338030077633213
3847.18966901122,22.336902635104543
3849.1242281500954,22.382445927225284
3851.0582765773315,22.43856377747462
3852.991587440299,22.41828281888673
3854.925939357001,22.449786632974018
3856.8595485213173,22.52157395871796
3858.7942600797896,22.569536819221774
3860.726535748322,22.630888347315626
3862.6623035367484,22.600875459119457
3864.594815403472,22.660138790247338
3866.5297742222947,22.619343648535
3868.462043746961,22.732823155637128
3870.397709635817,22.65722048320128
3872.3303680293716,22.715127795422227
3874.2637904047024,22.728545729438885
3876.2011119455296,22.805453760466115
3878.130854927554,22.7580500977868
3880.0668012123774,22.849649714079412
3881.9983058994717,22.81097949466723
3883.9359392080273,22.783084536553424
3885.8651488730793,22.860390397019195
3887.802274866489,22.805091303266856
3889.7299141866147,22.75532870027009
3891.6700145781174,22.791502674078266
3893.601208496716,22.72545245363397
3895.5367203690603,22.712535720736547
3897.468934561964,22.615298043407584
3899.4052492908168,22.618609925095875
3901.336022056741,22.53716337804635
3903.2760510993276,22.471899353170407
3905.205619213763,22.49530791046059
3907.1369910812296,22.417359003268707
3909.0738016112687,22.441676029338474
3911.0049579250854,22.371051917471597
3912.9404349495153,22.414084494696077
3914.8769485933767,22.358076499990922
3916.8041619107394,22.42453889819938
3918.740142941236,22.371838229664043
3920.6741905379818,22.439508617754278
3922.6081716526046,22.398921428561856
3924.5412887833504,22.476998807495782
3926.4752864118464,22.4808629325777
3928.4089289592403,22.533310707653392
3930.3423138283306,22.513282606649206
3932.276093245865,22.519815284119424
3934.2092435084787,22.608353079130445
3936.144313183281,22.54662177142746
3938.0753556590325,22.607056397345822
3940.011805045448,22.589437810052367
3941.943597477627,22.53937070196522
3943.8776408907097,22.60850435529715
3945.811325955811,22.52473495989809
3947.7447546230223,22.53069729889159
3949.6785919668387,22.53771549493876
3951.611524443667,22.477439989699867
3953.546274813942,22.521747667485464
3955.4784607902748,22.506586185703462
3957.412813479023,22.54892898329941
3959.346047648693,22.54606762970699
3961.2799126163986,22.59614243789938
3963.2129657294577,22.647840017666518
3965.1467877569826,22.566701889116437
3967.079901691667,22.628768990480886
3969.0142382802587,22.628494964785567
3970.946751551075,22.606378513842195
3972.8806359256364,22.679296711336967
3974.815708713824,22.61980162941743
3976.7453040283863,22.637745588757433
3978.682877394553,22.605784376992396
3980.613799240012,22.638984334574708
3982.5496662820287,22.604506453229597
3984.47942386183,22.58238263772835
3986.4163866537456,22.521033117461364
3988.3484217332666,22.55553574600318
3990.282943921878,22.420701590200103
3992.2166688681846,22.49297711033426
3994.1480085935173,22.426901812479194
3996.082690396791,22.46546492856738
3998.0158188674623,22.40455377445307
3999.9490766934955,22.39022494000212
4001.8827992323836,22.3913422797391
4003.815714889938,22.288353890036213
4005.7504853084283,22.3741713431479
4007.6814082077644,22.262049053753806
4009.617450395514,22.316567639456984
4011.5497640504364,22.32216863824248
4013.4815991512005,22.289421437171562
4015.4182647365374,22.23626655938336
4017.3485592980664,22.273275129041757
4019.2834782417235,22.27220815948322
4021.217305738146,22.213466389943783
4023.14920843003,22.251126471764415
4025.0840219325423,22.21382052789965
4027.016427312633,22.19406671815961
4028.9510791600273,22.2397273064909
4030.882284207564,22.228059766852176
4032.819831555517,22.14693917279805
4034.7498648501187,22.13107172552649
4036.6840916883198,22.06086408890473
4038.616221049228,21.984863816962054
4040.5509280303513,21.931012053488907
4042.483305686541,21.960024356112292
4044.4174856875698,21.94955440240708
4046.3499950265013,21.977306585636278
4048.2837587820673,21.972143971923877
4050.2171148597517,21.96285310161941
4052.1498710241653,21.9439237582882
4054.084463164168,21.91667465821825
4056.0165437464166,21.92811466572008
4057.950310824068,21.889514469195483
4059.8844038786087,21.888875136114173
4061.8158005577143,21.845767142006984
4063.7512218950715,21.919851702652572
4065.6834323640987,21.965530973367386
4067.616610112242,22.014839156880605
4069.5508075248845,22.034625532279314
4071.4831298307904,22.06718022728274
4073.4171274697824,22.0699375986652
4075.349495733458,22.014839016003528
4077.2842281580906,22.071267690460225
4079.2160344681038,22.012272189937114
4081.1492236436475,22.082280537355068
4083.08321251848,22.03313706852
4085.016490535615,22.083171895723133
4086.9499490847684,22.10996169959227
4088.8831695584217,22.09813889079353
4090.816064849377,22.176115417858234
4092.7503097319145,22.172318950001078
4094.682329108432,22.187590101935562
4096.616855697879,22.19732738348528
4098.5481416965595,22.198675151064243
4100.4843366596115,22.282037336610024
4102.414768050511,22.24676102677872
4104.350488136502,22.244981261044465
4106.282918458072,22.35430791674279
4108.21519975276,22.28499935030799
4110.149542467807,22.31385701905095
4112.082256080889,22.31677123766182
4114.014950667881,22.293329718751785
4115.949363939096,22.27962397604086
4117.881738043389,22.32650427378983
4119.814828614608,22.224921117806353
4121.750031695619,22.271096706129278
4123.679636766391,22.255081830388313
4125.616302637687,22.195639383253287
4127.548154071465,22.228895400110595
4129.480633487478,22.200421293274083
4131.415939593374,22.22076524571434
4133.345452262583,22.22349859536859
4135.281590186427,22.212441618157605
4137.21418161309,22.208774456400782
4139.148022610773,22.20632087860104
4141.080564740175,22.181856621911443
4143.014195114638,22.18332461419039
4144.947826561154,22.15210033460398
4146.88008892159,22.19610694753451
4148.814174933606,22.152686373555447
4150.746673314096,22.143081972611377
4152.681347056459,22.126520780892328
4154.612133776441,22.11872360075288
4156.5476323420635,22.068909197717424
4158.479934737449,22.084402272302476
4160.41279889689,22.064147948740036
4162.3471271545895,22.01942417254005
4164.2792194625945,22.029309925068553
4166.212903759783,22.005236993331884
4168.1465591774195,21.962268437497592
4170.0787787268955,22.005951512417177
4172.013027415598,21.94635334246758
4173.945672760011,21.988249641419365
4175.878996164664,21.936790262269476
4177.812457896988,21.99335557167381
4179.745425566145,21.997191163971316
4181.678632979706,21.99741251807783
4183.612512421336,22.04257862402188
4185.544525529061,22.052386833019575
4187.478827104087,22.064838859243004
4189.411216403431,22.123619049335097
4191.345975357344,22.088144354160853
4193.276617266177,22.170722751464233
4195.212518235317,22.16703034525198
4197.144258872241,22.167022055836433
4199.077254687074,22.198299472094313
4201.011887892788,22.206540150641153
4202.9435833886055,22.215513965469448
4204.878225256354,22.221614976264455
4206.809163480592,22.221555887788092
4208.74613101028,22.229915285444086
4210.675583449229,22.260476871532653
4212.610976927585,22.19372781508789
4214.543313328005,22.29692049777106
4216.477606325838,22.2866844282101
4218.409560192887,22.289929238350872
4220.343765197584,22.359722042146323
4222.27601063083,22.213025895433184
4224.210561101575,22.275600287634525
4226.142537607627,22.234289873131637
4228.084977750817,22.257852631190552
4230.009884931826,22.297604842520563
4231.942365457883,22.268492570371002
4233.876223702092,22.250089761841217
4235.809508710634,22.31181470224538
4237.742295273066,22.213243565668442
4239.67601591998,22.228014525005356
4241.609142080459,22.203087977031792
4243.542089530447,22.24373734747666
4245.4759194495355,22.154195700747913
4247.408370013981,22.220826796518203
4249.3422102625345,22.15099609640911
4251.284300623439,22.19539322883592
4253.208176575249,22.159425761301485
4255.142418439492,22.16278905736568
4257.074595793934,22.129594845343497
4259.008438645475,22.130625762260472
4260.9415214920455,22.16320978956214
4262.866262740165,22.093709144579968
4264.807959280369,22.11115749455862
4266.741337650132,22.112864235105796
4268.675226658537,22.108607973961462
4270.607588549525,22.128147671208815
4272.541903820608,22.151966929562924
4274.47376519382,22.13664725483978
4276.409890101069,22.11587954988955
4278.3397575296585,22.0973884607427
4280.27642221082,22.150012166881332
4282.207504396732,22.153209318167107
4284.140273970259,22.111474595010755
4286.075425650244,22.125478669272603
4288.006959597688,22.090818832665356
4289.9402431745075,22.124852678646697
4291.87717801058,22.147382798901425
4293.799078727416,22.13211466325523
4295.752511583844,22.14154538603119
4297.672963529105,22.159349425417055
4299.608628397757,22.126048734344984
4301.539432148168,22.094268362690563
4303.475335998819,22.110547807612015
4305.406690883784,22.085999939816325
4307.341510696357,22.031739983697896
4309.273074804714,22.0722371651408
4311.208209720421,22.05742075847305
4313.140838956288,22.011774634488155
4315.073473977102,22.008402995632302
4317.008118376153,21.964458674926583
4318.94041089538,22.027580001287298
4320.874349393592,22.011324517725022
4322.807625338675,21.983639203301557
4324.7407267195795,21.985653026565295
4326.674472479609,22.01577145681511
4328.607521991571,21.982624908051385
4330.540913087868,21.957985084092947
4332.474608816849,21.998180561128258
4334.4075775905685,21.94296142656666
4336.340964633514,21.994754449126695
4338.279978263304,21.9072200333702
4340.207187486027,21.972389932645406
4342.141766336484,21.97281476581184
4344.074703553478,21.914692438986485
4346.008896525005,21.816024343330007
4347.9422144710525,21.624732136356407
4349.874192863613,21.518039888342223
4351.80853603542,21.512936136904337
4353.741005779996,21.46751542639978
4355.675728059538,21.460627949289382
4357.607952414216,21.446454230743136
4359.5419081287355,21.47662546790344
4361.475936388276,21.437671735271884
4363.407804128366,21.43795710945728
4365.343028568023,21.44159137708501
4367.2752966645585,21.441410319426844
4369.209321926463,21.418874549637614
4371.14220862666,21.429962965865705
4373.076182027358,21.419885033243467
4375.010081556868,21.438092734476193
4376.943024687809,21.529863873171983
4378.878263050674,21.65361073904807
4380.80987432427,21.77863704519283
4382.743139170367,21.794888408665663
4384.677746709648,21.817941770353194
4386.609650886156,21.827916920758064
4388.544638249258,21.81656269335685
4390.4772674777,21.80675914686936
4392.415805355291,21.762402093560432
4394.3451149508755,21.77825772540823
4396.277175972375,21.774200223999593
4398.211578623006,21.73748335492379
4400.144863650669,21.74053466023424
4402.078289363096,21.698811478078532
4404.017574539325,21.658770767533248
4405.945633019039,21.692602104742626
4407.87813554397,21.606739846111303
4409.813530927585,21.63137705343953
4411.745335374595,21.605693158338973
4413.680003209876,21.584446694385427
4415.612553219456,21.57187050296556
4417.547561648076,21.535266127192237
4419.489397530895,21.57102793574837
4421.4138734182625,21.51546038610595
4423.348018522725,21.550038487748004
4425.280154601638,21.548267276612755
4427.215412491615,21.5393673813279
4429.140198253121,21.561932370209398
4431.082256843643,21.57962759772621
4433.014981440962,21.545390234807847
4434.949475492116,21.565145030713644
4436.882777660537,21.571850997240226
4438.815716151654,21.579403368958957
4440.750958879865,21.557542537614033
4442.682816545798,21.575011902695216
4444.6171355542465,21.59077103806157
4446.552095582518,21.604494510452064
4448.482761532898,21.60600438499275
4450.4194924984085,21.600776743778248
4452.351195760332,21.607532740462894
4454.2874121325995,21.648758057934522
4456.217803992467,21.635768159716925
4458.154028740322,21.641761096109597
4460.086135641017,21.652509596866174
4462.020426367062,21.64664479227303
4463.953452762927,21.66277756727971
4465.888162361931,21.65220780983224
4467.821334085892,21.62912402711131
4469.75497077729,21.659352071447877
4471.689129191995,21.66348590303503
4473.622464138659,21.610493606259148
4475.556331688738,21.621290030532798
4477.490343161343,21.60887027610824
4479.423538259714,21.619518070555692
4481.3507717397715,21.598745348453598
4483.291549330036,21.609221781204262
4485.224508871903,21.604276888479937
4487.1602257960085,21.59937135206672
4489.091808891374,21.580792676362
4491.026773791779,21.57328802275328
4492.960445859684,21.576717667707136
4494.894046297095,21.559246572868325
4496.8281887756475,21.55698109042833
4498.761282355283,21.54112127654799
4500.697249300229,21.54140406875107
4502.627126182235,21.515484785388672
4504.565413538086,21.55342877519241
4506.49933080013,21.55787949242815
4508.431642642257,21.5838098440534
4510.364216673824,21.543389045160346
4512.2994639842755,21.573257833950883
4514.232314279506,21.574484591631183
4516.167014004401,21.55114724561289
4518.099793426525,21.56525625115905
4520.03468540375,21.543402565481408
4521.968162931095,21.541406719207878
4523.902096995619,21.558998754655484
4525.836281823395,21.53824493665119
4527.769911159547,21.559879523415667
4529.704187613853,21.512160246106937
4531.637161984552,21.56112434315552
4533.573030916978,21.504115341279807
4535.50496892775,21.558283595636645
4537.440187848963,21.477741200416737
4539.373318876245,21.513394910736473
4541.308499246302,21.500162514328686
4543.2413848803835,21.54998865233994
4545.175894424801,21.503621431543003
4547.110114160811,21.530188746369184
4549.0433659339305,21.540053742359184
4550.978237082198,21.530251796706516
4552.911693788261,21.512573720723815
4554.845999454906,21.571608721622475
4556.779873256897,21.543009969214573
4558.714097598091,21.572648074658083
4560.6481034478165,21.60699390985922
4562.582418908096,21.565843909407725
4564.515912396232,21.599612262893693
4566.450574265593,21.619715428973784
4568.384401908844,21.636171904675273
4570.318893466429,21.64528909031106
4572.2528007849605,21.613896212804143
4574.186985010928,21.628929402887003
4576.120727763365,21.644049184712607
4578.0555097667275,21.674612894173272
4579.988664812181,21.661023114008593
4581.923674559346,21.65358219454847
4583.857593606981,21.695338843517966
4585.7918081362395,21.67914938160815
4587.725981744829,21.69181741029869
4589.6601270765805,21.691637945151435
4591.594360673946,21.693589819934594
4593.528823319671,21.71028265580818
4595.4623444943045,21.745891892821113
4597.397412778473,21.739971830423578
4599.331108184766,21.713895609838694
4601.265243981159,21.72343238058263
4603.200135667012,21.750039085231556
4605.133670120633,21.72928337987927
4607.069806306836,21.785265673837408
4609.002157538944,21.746087150305023
4610.937290405897,21.781522785516223
4612.870741004179,21.78126994107152
4614.805473014613,21.781764201120318
4616.747890664492,21.75475830935286
4618.6640694444695,21.77347436197362
4620.609377359643,21.79069267853702
4622.542380947813,21.78880045966826
4624.476887737377,21.841466456937276
4626.411819936509,21.758650011246054
4628.345548871837,21.81289258330073
4630.2795100308695,21.842125829996924
4632.214760508328,21.812719269965974
4634.148701893796,21.815781569031678
4636.083561112513,21.786612655442518
4638.017800192397,21.822604492792983
4639.952019972093,21.805325747072025
4641.8873507187045,21.862067290362056
4643.820686361863,21.849899631614825
4645.755887396968,21.81696440384649
4647.689624593483,21.825687247955166
4649.625219950503,21.815685457617086
4651.55853991989,21.786159883759332
4653.493772551822,21.803016798054266
4655.428274436557,21.788031644537334
4657.362232773984,21.76047735724277
4659.297209378178,21.744945394906033
4661.231607168988,21.762428271031588
4663.166356360382,21.702469724758835
4665.100409577012,21.693827063728186
4667.035560831915,21.705054466431285
4668.969683476049,21.697836006069785
4670.905315692913,21.671170862494286
4672.837884091561,21.66417366210782
4674.774515092374,21.672825450858447
4676.708038185155,21.688669597331575
4678.642945695649,21.67605263701048
4680.577836218439,21.663049132912242
4682.512060262063,21.686641719042704
4684.446918489435,21.670733663056232
4686.382110678291,21.72381910081372
4688.31726322901,21.700004521871982
4690.251548825641,21.711130262404048
4692.185468968676,21.766722078014716
4694.120663050626,21.709282840209845
4696.054935429228,21.792265527123966
4697.990110927715,21.75672569676646
4699.9246261175895,21.753578798667498
4701.859141935249,21.752058233031185
4703.794702762719,21.795770607441064
4705.728493657315,21.771871972170707
4707.664066548067,21.808570371192864
4709.59838256258,21.720293795934104
4711.539402153369,21.81392882786242
4713.473713629999,21.7472811436703
4715.403154286521,21.759898513849826
4717.337891432656,21.843286867207304
4719.272636294048,21.762568278915488
4721.207815202764,21.794251166500594
4723.14252840127,21.78837928941453
4725.077255307704,21.721337311475928
4727.012215773634,21.81371605574835
4728.94742364796,21.761067391188284
4730.882097345703,21.759667658693722
4732.808639598662,21.750403383238613
4734.752457794613,21.715561920241107
4736.686531213732,21.74580496061376
4738.627593407087,21.70274405519917
4740.558139061448,21.755835547939746
4742.489765948856,21.763061829853278
4744.429084150382,21.779619524221353
4746.361025798424,21.745678725798065
4748.29728567099,21.761480416881604
4750.231849292373,21.74358014350353
4752.167448185821,21.76960597838967
4754.10214627756,21.846259985543888
4756.03760548523,21.76620105445614
4757.971842799936,21.801063378738952
4759.906506600919,21.799606160196355
4761.842379083542,21.80107745242038
4763.7779136231475,21.823909292194067
4765.712840672122,21.82315644569801
4767.647910509969,21.810357258850793
4769.583289039826,21.837748213966613
4771.518774707825,21.806312196510483
4773.452891446772,21.856709320317556
4775.389611342887,21.82553189882723
4777.323645241094,21.80238605997993
4779.259378268497,21.832462453625972
4781.194674753126,21.85291567506342
4783.129864467674,21.825444643150313
4785.0651525586645,21.816683602211604
4786.999650950605,21.82863658062471
4788.934747111045,21.81219237082825
4790.871686075019,21.775370627588636
4792.806178003205,21.83418335079636
4794.741171082617,21.833796056201855
4796.678195940385,21.76421066377798
4798.611321529078,21.781174444394104
4800.5492120769495,21.78711557639881
4802.482919466926,21.758057695422373
4804.418754378122,21.71464344077844
4806.353876636671,21.76540001254748
4808.289519808002,21.733270338515602
4810.217220468532,21.72095783434964
4812.1609919752045,21.72411104359437
4814.095178497511,21.683649076834094
4816.031661514318,21.668649050605858
4817.966400709644,21.655959074669262
4819.902083481914,21.657976075748742
4821.837933275417,21.633217503625723
4823.773400271435,21.6295611185379
4825.708399632121,21.580721533702267
4827.645258103892,21.579567908562744
4829.579238189895,21.549805548275607
4831.51595197111,21.56129032584115
4833.451509413579,21.54108878671382
4835.386047532118,21.539437275797688
4837.32344909326,21.577548457282326
4839.258071316301,21.523933719045637
4841.193911633137,21.572338483476422
4843.12941788778,21.567708993183537
4845.065253585255,21.57430878070199
4847.000828460359,21.54413510542428
4848.936186974097,21.568848934035564
4850.873281777764,21.589082884951573
4852.808144979649,21.587246394030267
4854.744192859812,21.573212337380077
4856.679683382186,21.621972820436334
4858.615185176208,21.65449105909969
4860.5514380377645,21.646415936384066
4862.495453091652,21.62132527671634
4864.422931002898,21.653284712175896
4866.358553985141,21.65169402466457
4868.294706670587,21.702110588995275
4870.23038094233,21.632048283522614
4872.1661454962405,21.6497300232869
4874.102434279029,21.65324996153094
4876.037836385667,21.616096761188125
4877.9741292825875,21.63168894083494
4879.909837895581,21.634728894248163
4881.845995256572,21.609529218443164
4883.781700499855,21.57146991252997
4885.717867336651,21.61352005193215
4887.654124225524,21.57886834588559
4889.5892533221395,21.607971896897574
4891.526336522181,21.549257688235436
4893.4617569222455,21.559714737210435
4895.397435285238,21.57328631933219
4897.335175323151,21.54474851010719
4899.268809362151,21.554386931520803
4901.206896311538,21.570662199407842
4903.142117058748,21.584704619530733
4905.078686746022,21.549670642478524
4907.0143233679155,21.55809503160379
4908.950979390203,21.60354761216528
4910.886563236844,21.56968263381703
4912.823851707825,21.588543424253082
4914.758504838175,21.62676305141344
4916.69600598125,21.580430244467188
4918.631903028982,21.61247905269351
4920.567398554442,21.56530077900471
4922.50482900091,21.592427067740253
4924.440241233683,21.62156160223369
4926.376825398944,21.559040287880627
4928.313287858933,21.592885874523553
4930.209976446193,21.581806354413594
4932.14628029916,21.59267625844334
4934.083007913738,21.589209301479606
4936.036921721455,21.56266825559532
4937.995547302173,21.58273496392477
4939.930808671938,21.562258041494225
4941.8676140873185,21.545642808495252
4943.804375012979,21.537111885189226
4945.740066841364,21.561650045479986
4947.677304932809,21.534111709693228
4949.61333190668,21.538916687117997
4951.549824630442,21.55558041711928
4953.486549516147,21.53588316253022
4955.422841168477,21.531024312518547
4957.359950132847,21.52901137383008
4959.295161125897,21.48907155384783
4961.233482249634,21.493027439534153
4963.168689788595,21.471755896688244
4965.10554104533,21.452960458386308
4967.04311332689,21.461217642206698
4968.978130037984,21.38881390229799
4970.916089993092,21.38339324831076
4972.852315540448,21.37893636307765
4974.788547318339,21.356179201740765
4976.72614521671,21.313744291277537
4978.661399945996,21.311889099407146
4980.598691390322,21.273967907188258
4982.536811169567,21.26935712514146
4984.471362306612,21.269750278391534
4986.409941358835,21.245398563354748
4988.345697935846,21.25655348929012
4990.283368895485,21.2671079675685
4992.219170934005,21.272838305945562
4994.156932444731,21.286669487822984
4996.092986653808,21.25149043716278
4998.0311404241675,21.32484022215578
4999.966123466895,21.317236222684492
5001.904631007676,21.372243557363625
5003.841023906091,21.39225860386663
5005.777227059078,21.38339840569565
5007.71565168468,21.4401389601639
5009.655910638657,21.429383174744736
5011.589146050528,21.462315630668705
5013.524912580169,21.462103845865194
5015.463741224175,21.50785357105709
5017.408119471565,21.4960415100553
5019.336653103755,21.52556687428477
5021.274988580857,21.526367267663467
5023.209562462563,21.52932818357575
5025.148769909574,21.494568138310946
5027.085287896308,21.56066160479798
5029.02138020851,21.521216090770018
5030.960465697803,21.55708969563289
5032.895928150495,21.533342317549035
5034.833538460651,21.500297403140088
5036.771535034574,21.55654533153595
5038.70279365408,21.569771426273626
5040.6457371632005,21.607969943294556
5042.582438540028,21.507246817929563
5044.519754453646,21.561128697730545
5046.457027718857,21.543864954596977
5048.394339874789,21.55497246963494
5050.331457132103,21.55349722613547
5052.269446327865,21.57789030452185
5054.205691739447,21.543644502717335
5056.143995146156,21.568477948691672
5058.081037521837,21.562886734652885
5060.0183407108025,21.53289431989422
5061.955777919949,21.560626978068008
5063.893209166258,21.546501250398983
5065.830353448957,21.547842364180333
5067.767576864517,21.518591009872345
5069.706273459809,21.518440903530937
5071.642698236573,21.52038215332133
5073.580096857717,21.444682554319876
5075.519576355111,21.498101854104696
5077.4538049775965,21.44524119692756
5079.394389280418,21.484244197442372
5081.330353003976,21.45122659308027
5083.268696655773,21.484080440635218
5085.205557640091,21.45464413011124
5087.145798425889,21.46220604815769
5089.081043495181,21.424271640855288
5091.019335386659,21.449764057066865
5092.955978912905,21.479649518813567
5094.894613311057,21.425939768611762
5096.8321071338505,21.48371948375729
5098.769202190641,21.417049349851077
5100.707981962262,21.46864173505137
5102.6449162546405,21.467279727666373
5104.583052727021,21.46875379062373
5106.520950381903,21.556164090646227
5108.458500200325,21.491526130834053
5110.396644834314,21.528407037900898
5112.3338298258195,21.497791412231926
5114.269184155301,21.550742112284915
5116.208547861836,21.49103694777515
5118.148931926911,21.52627404666132
5120.085600035224,21.520873402661117
5122.023771465503,21.492305573747323
5123.961814219135,21.52820312400882
5125.899628549071,21.478806725606226
5127.837847640445,21.457657980058052
5129.775401605596,21.48173646504018
5131.71409390951,21.467461479784383
5133.6515228510525,21.458148945689864
5135.589726814612,21.4418596250701
5137.528371540769,21.461788957215596
5139.465486414735,21.422770204201804
5141.405147493324,21.431603739730086
5143.342102892457,21.374034142751604
5145.280635373194,21.381872439111554
5147.218206362198,21.356729973701086
5149.156979374052,21.365192603317546
5151.094901150665,21.347480154680504
5153.033156574903,21.3517479257926
5154.97150053826,21.349681727977107
5156.90952329417,21.34117412388509
5158.847961426401,21.38689919478349
5160.786651649659,21.405314071233498
5162.7241030493,21.39829915891864
5164.663169786018,21.398864150620632
5166.601056317763,21.42820315911461
5168.539990491327,21.41791297083592
5170.477583154416,21.450979900591015
5172.417033915436,21.43042598800752
5174.355163976956,21.521117575824853
5176.293049076327,21.45801179819157
5178.231880853679,21.472373881191253
5180.170012443615,21.480339539846618
5182.109099979751,21.47921768590603
5184.045942773252,21.49397188423351
5185.9873728522825,21.459179375313532
5187.923868151579,21.47173144449257
5189.863134750747,21.447357388645308
5191.8015001991225,21.422793744477737
5193.739836496291,21.416653741739047
5195.6787230678265,21.39397797803121
5197.617444931414,21.389207225992998
5199.555266864497,21.385697228885682
5201.495691378952,21.40492478454218
5203.432577619706,21.38869872562295
5205.372346298989,21.339042353325134
5207.310260492053,21.388196022978015
5209.249141005871,21.365827535781698
5211.187834966782,21.363815605505103
5213.12724590799,21.330407655662235
5215.065557076231,21.37194055030141
5217.005268410979,21.348836786815333
5218.943138781866,21.350750060978292
5220.882595136599,21.347832327710755
5222.820427292198,21.400832883150123
5224.760063811608,21.36972573669909
5226.6992488145,21.36555460640134
5228.637688028212,21.33667870098119
5230.578035982739,21.339025214235853
5232.5145377247945,21.330251796328362
5234.456118361177,21.339615380057374
5236.393946003662,21.368620440565785
5238.332188934925,21.327992231195502
5240.273487842026,21.365780442684915
5242.210215081778,21.356660019240515
5244.153303905782,21.34749986696456
5246.090060023303,21.366421806507283
5248.02744012462,21.334182546846726
5249.968541773666,21.348563291803565
5251.905591059032,21.36467885056721
5253.845816918056,21.338343421580753
5255.78572579066,21.36977899909754
5257.724058322172,21.356729516228036
5259.6636120876565,21.407906294375046
5261.603845848317,21.40849235429156
5263.540857286086,21.393264473283345
5265.482707020057,21.388515113537544
5267.420563901516,21.391012348927767
5269.359903626344,21.414077451981065
5271.300172292967,21.406398276205486
5273.238396277236,21.402300798224495
5275.178594831196,21.39568633200073
5277.1175315381515,21.458029862524505
5279.057492599015,21.416800920655326
5280.996426968312,21.39896965931549
5282.93611719273,21.4167122411392
5284.87586438449,21.439293884811796
5286.814891682947,21.41791580920775
5288.754860781909,21.365567042648827
5290.694184847007,21.376670350639394
5292.634241539363,21.366116525681186
5294.573908622028,21.369260465272625
5296.513569751514,21.368062994625397
5298.452566902484,21.369865147079018
5300.391963010425,21.357239071394808
5302.3325124178855,21.345146308273094
5304.271290228851,21.317444191801975
5306.211425222553,21.347049712741516
5308.151377717869,21.332279432397108
5310.09040911737,21.34155824481362
5312.03100316907,21.31838969235205
5313.970060987547,21.300372818750965
5315.910891347141,21.320070458846807
5317.849073294764,21.31488596638207
5319.790728025112,21.32083985127064
5321.729697895601,21.290281407894888
5323.668809439421,21.338009489178468
5325.610928196585,21.286786450483667
5327.549595165167,21.261611436521996
5329.483770280982,21.334525648188965
5331.429682297356,21.234555415382395
5333.368683750237,21.28294191121777
5335.309999369876,21.304048313681015
5337.24932987383,21.290553986302932
5339.189135370706,21.29399213397823
5341.1306327454095,21.29136717004959
5343.068707271281,21.265135624140505
5345.011508032048,21.29681324942637
5346.949483577408,21.26493712324588
5348.890581751582,21.286100487310783
5350.829782592722,21.27131214220298
5352.770476727456,21.26697231979181
5354.711129748832,21.298021627849145
5356.649986225258,21.269877493501887
5358.59186927761,21.315911185165795
5360.531067555623,21.329955883209443
5362.4719368269025,21.310864223620563
5364.411730438396,21.279915878572773
5366.352531847042,21.261793463317694
5368.2926144543935,21.25669112335259
5370.232942790059,21.256653362182696
5372.173555436362,21.271427687879545
5374.113857071322,21.300936728876643
5376.054337462726,21.309149294098127
5377.994980424945,21.302910123267758
5379.934875906033,21.33049591346859
5381.875982389008,21.305425444984415
5383.8161732137105,21.262482191787676
5385.756748750152,21.29354452821297
5387.697508806977,21.249311872391182
5389.637870291602,21.279968506083158
5391.578475855608,21.275926991589408
5393.519357198797,21.257630292182036
5395.459063531764,21.254330369370514
5397.400993068623,21.273871843371374
5399.341543213271,21.28773425345363
5401.281733902828,21.27294753310222
5403.22293734531,21.2756350019878
5405.162980673554,21.248986076314573
5407.104226896584,21.21891506672214
5409.044718939388,21.20167682498863
5410.985994084821,21.22327720713688
5412.927579530868,21.152387661956986
5414.86748546601,21.191871602076525
5416.808017712128,21.166969846656762
5418.749562078199,21.175043520448334
5420.689641345358,21.145192997587152
5422.63124881945,21.170718160244355
5424.571537066507,21.10998020005767
5426.513453780261,21.14923351228456
5428.453367797827,21.104874945959388
5430.395175462605,21.111430049151288
5432.335873474817,21.08960100569616
5434.276912006771,21.10044000475437
5436.218182641136,21.0916855116133
5438.159050934888,21.114330137495692
5440.100686125119,21.06387000040852
5442.040589318217,21.112259072748152
5443.983370597293,21.088083743581215
5445.923341125657,21.077500064943813
5447.863636766629,21.023247384415576
5449.8050633632665,20.969914272476593
5451.747699224157,20.87524466585095
5453.688693874786,20.840508025209466
5455.629733279479,20.848936229935028
5457.5718510218485,20.829768219558353
5459.512210760699,20.8523171060775
5461.454177517169,20.819690746495375
5463.395617391454,20.856658541685555
5465.336356813777,20.851431405803005
5467.278749749386,20.845440177945328
5469.219327192886,20.83501105705931
5471.161581172766,20.83143076664178
5473.10183244876,20.858778472583175
5475.0449204050465,20.81330898612695
5476.985274171256,20.86255903284451
5478.927330378642,20.87878431359413
5480.868878358741,20.99272657719333
5482.810392306241,21.0297725245777
5484.751952193829,21.08013643624931
5486.693689734859,21.093617256596254
5488.635225799571,21.128198334702695
5490.576975690639,21.067251535489284
5492.518593927974,21.06749774381543
5494.460602409676,21.117631514757583
5496.401770965126,21.045369343264547
5498.344204886436,21.09801706504181
5500.2855503529245,21.08613853074379
5502.227225058172,21.076691487320595
5504.169929497993,21.097273682126904
5506.110455392867,21.087096968930787
5508.053430060911,21.05767991224696
5509.994334734979,21.133512019200914
5511.9379720050365,21.112539735353316
5513.878211865442,21.05845390567152
5515.821332562346,21.06000131801651
5517.762337826211,21.070039208529828
5519.7052471727475,21.074035894089242
5521.646168743768,21.057016942453167
5523.589013806518,21.082785362600184
5525.53083150935,21.07960499749634
5527.472860160775,21.102621424658558
5529.415130517555,21.07946907182643
5531.35574374902,21.084573426605665
5533.299194851726,21.06089969837594
5535.241775611501,21.032279065088737
5537.183334064135,21.04181690925723
5539.126243300922,21.054674895520854
5541.068156159254,21.066576720431236
5543.010468137985,21.029730081402015
5544.952625557124,21.045830679461055
5546.895049443263,21.034506103937936
5548.837636038577,21.013772951467537
5550.7791403202455,21.050556602430312
5552.722777502754,21.040968995079588
5554.66418207699,20.994832244539445
5556.600043267224,20.993965472300196
5558.549504686064,21.003974627479643
5560.4916392290625,20.9392363353033
5562.430679565524,20.794837568197032
5564.376196521009,20.139060036869445
5566.318896769624,19.396786765452667
5568.261666030307,19.014649226439523
5570.204346748733,18.92156791920737
5572.147017676664,18.905774545002707
5574.089477023092,18.89322717941605
5576.032314596734,18.88117251738479
5577.974841779607,18.89487681990598
5579.917425156385,18.87456672485552
5581.860580438681,18.89213295964735
5583.802668000295,18.885716491345384
5585.745967938326,18.87388490460676
5587.688452479071,18.898416760351445
5589.631606047999,18.881538092704538
5591.573892668056,18.904481777331164
5593.517219189688,18.931587949107673
5595.459992360785,19.114253220953934
5597.403364984007,19.65073608727696
5599.34582640046,20.416993817023872
5601.288924977386,20.82994073779556
5603.231840458003,20.933066350180916
5605.184069449408,20.918458066054008
5607.118229796648,20.931131280899415
5609.060190363247,20.974895046013607
5611.003862949489,20.937394007961082
5612.946564822812,20.97167850038351
5614.8899717570985,20.92086107456739
5616.832826725841,20.944497365419487
5618.775941383501,20.90903341997427
5620.719554313529,20.92471463356042
5622.662079671535,20.950327156353048
5624.605761363541,20.957969559317696
5626.548999236922,20.979101491122982
5628.491605497484,20.972834174283825
5630.4359069029315,20.973382107374853
5632.378348288803,20.972868173881828
5634.321157516822,20.982150886805435
5636.264745002417,20.947291961297317
5638.2092190706935,20.91631315113198
5640.1516867900045,20.936175428879956
5642.09560143598,20.937278242901947
5644.038574354858,20.94332308973059
5645.982644106825,20.96423190836324
5647.926433551065,20.935082264623382
5649.869487353142,20.971415776879617
5651.8124446235715,20.942539849291613
5653.756853560438,20.95939186880033
5655.699640289322,20.923482548637942
5657.643520027594,20.889136641761162
5659.587070753125,20.88610864567213
5661.530587100879,20.856622564467237
5663.474479932573,20.855634714895864
5665.418331872312,20.821825393553148
5667.360999150185,20.85501761181535
5669.306431285729,20.792285297461397
5671.248667321569,20.778378371997
5673.193126366634,20.740651432394436
5675.136814269161,20.677167953221677
5677.080574888324,20.655905056669916
5679.024506085059,20.61520196630112
5680.968115611069,20.563530004090914
5682.912695436405,20.52781951788392
5684.855634431029,20.49283052935362
5686.79949349362,20.506321697845557
5688.743821266847,20.45238846419999
5690.688195474086,20.50298226964734
5692.631917967823,20.503000482751936
5694.576061237874,20.49909320743945
5696.520150259645,20.49728562895495
5698.46387705616,20.50368471212979
5700.408566320484,20.50256030813211
5702.352115800066,20.501960223410798
5704.296526147461,20.53860554071064
5706.240714388406,20.563848775924036
5708.1849382868995,20.63074994293151
5710.129104983146,20.66512531592614
5712.073014394799,20.677028707072203
5714.0179926066485,20.74108674303131
5715.961022239205,20.727348033270992
5717.906545584883,20.78365107742365
5719.8505898815865,20.77647235076912
5721.794171165868,20.771047928197497
5723.739967346531,20.81084124966973
5725.683061902346,20.784820185401593
5727.628490783414,20.815914518756664
5729.571419340995,20.773065724943784
5731.518098681632,20.82249866748544
5733.46067502723,20.814044651317722
5735.406326475231,20.828801952609844
5737.349972395206,20.834403552860557
5739.295578180981,20.84006901787746
5741.23922716037,20.809254638107085
5743.184649766646,20.873098593342824
5745.127857540438,20.845680865377155
5747.074398735592,20.859354412376256
5749.01760891568,20.853392132307512
5750.963024429978,20.820413668802978
5752.907423410146,20.857976060368863
5754.852527126339,20.818988675707253
5756.796996717744,20.81792774535449
5758.741792726292,20.74765813419412
5760.687017170833,20.768696215631557
5762.631122779661,20.765304721432265
5764.576677092687,20.7160317281511
5766.520950925981,20.758567021155336
5768.470106563343,20.71518323766687
5770.410286645606,20.766593931898832
5772.356677179198,20.72574279843591
5774.300813143448,20.744106857209708
5776.246473657816,20.741729800127125
5778.190627191347,20.69339879299678
5780.136471014013,20.653901675402373
5782.081370194471,20.674152933795078
5784.025871593958,20.668810946018574
5785.972060289365,20.667855444656176
5787.916208483493,20.66229661845015
5789.854185237191,20.68450915333988
5791.806181475136,20.702588910897255
5793.745119980321,20.68274283531384
5795.696781803504,20.685929551295125
5797.642897753448,20.694570550327448
5799.587914895913,20.682912491873445
5801.533455165154,20.658586048403997
5803.478566377852,20.65489828499279
5805.423790916221,20.638323417150822
5807.369971167241,20.63824773243295
5809.314076907584,20.66016428942614
5811.26068711437,20.661887874129867
5813.205704181938,20.67309354113801
5815.150947541588,20.65061744246217
5817.097121777909,20.66567024951251
5819.041937791056,20.62193287176425
5820.9874989251675,20.65233778876182
5822.934368720505,20.610722431328078
5824.87754790029,20.650230130512462
5826.82550073756,20.625005043395795
5828.769859797144,20.60185693751702
5830.7172603872605,20.605705271893378
5832.661147333298,20.615564098132076
5834.607411453071,20.592082399319885
5836.556532018721,20.563227259166574
5838.49890315698,20.579406375241895
5840.444484450134,20.571509946719324
5842.390466109178,20.567768494377255
5844.336223805847,20.566313673183082
5846.281909487233,20.567724223898786
5848.220408042881,20.57192584172582
5850.1737098776575,20.552998381160585
5852.119764928224,20.531347906484548
5854.066047624293,20.501680366936363
5856.01140947448,20.458989370781545
5857.957974957675,20.43445679188013
5859.903580027304,20.404380602980275
5861.850252971691,20.38683173035634
5863.795388163709,20.384994167361917
5865.742332241442,20.37149031813403
5867.687686057467,20.363874545380604
5869.633796432551,20.35968394571467
5871.581175035868,20.388862471722952
5873.526149060453,20.363461420198313
5875.472870084697,20.336198534788856
5877.419808506202,20.152542825597884
5879.364752896165,19.905344958852247
5881.3119285551875,19.775851592550545
5883.257805907212,19.68835377104879
5885.204392585875,19.589307881709253
5887.150500725703,19.55739014044982
5889.097145275902,19.54431030485153
5891.042204744911,19.55445090403341
5892.989746995964,19.53893967982136
5894.936496335788,19.553802472087845
5896.882697380224,19.5573637567689
5898.829220746518,19.554686227769004
5900.776332665371,19.531850997461866
5902.7217640086565,19.539820673521938
5904.669505818266,19.527331431013813
5906.615698693391,19.564243863365043
5908.56229183831,19.642161055858416
5910.509043002474,19.82339583119414
5912.455610114943,19.94540625408934
5914.402543640431,20.053532576742917
5916.348738924812,20.199428234677335
5918.29641082814,20.3005137092318
5920.242147730706,20.292954849130616
5922.189470108498,20.28529841854614
5924.136355977037,20.272576166889145
5926.082859414277,20.257997549343024
5928.030122258709,20.25483520685284
5929.9767954737545,20.279704464261435
5931.923835313223,20.23074960028449
5933.870627198293,20.252198583706907
5935.817765529828,20.28702959784068
5937.764666085183,20.29857787708216
5939.711787513343,20.268716260353777
5941.658614764209,20.28521792513849
5943.60640177459,20.259626996649594
5945.552893164292,20.25256172080251
5947.500237049092,20.234626201510018
5949.446803688391,20.256019667384315
5951.394648786388,20.278590091900476
5953.341700511426,20.306371970810254
5955.287991873192,20.355581072976314
5957.233637576577,20.34630671439502
5959.182335284495,20.33315315615679
5961.130763326594,20.34616896285707
5963.078349536465,20.33002740733813
5965.024459866437,20.32844886306645
5966.9731433812085,20.34185208149257
5968.919806049402,20.29796917514394
5970.8673190998525,20.358291026007315
5972.814876150305,20.318806052806515
5974.762193561448,20.364250338293495
5976.709938908383,20.370032052021465
5978.656763536786,20.41700200640657
5980.605545625432,20.3914504127141
5982.551770179071,20.401366948917847
5984.500355317797,20.409608576719712
5986.4468499208415,20.396886359043627
5988.396187594827,20.40109895302043
5990.342063874127,20.41539264343512
5992.290761444666,20.40767008238945
5994.238221630174,20.426896511803868
5996.186007919424,20.431076755559467
5998.133705486426,20.46104297885764
6000.08154343838,20.463558073815896
6002.029293577016,20.46488818187776
6003.977124294287,20.49182564340915
6005.92504134558,20.50054491259271
6007.86944011117,20.47206421671401
6009.823050485999,20.521349063539255
6011.767855997455,20.5088824241599
6013.717311295844,20.51287292526043
6015.664392309459,20.524542819338272
6017.612755089948,20.533858361484185
6019.560523185741,20.514489101989305
6021.5088010419295,20.545367728025205
6023.456860021268,20.52324350260799
6025.404333254814,20.564523220492127
6027.354008384778,20.59212315384783
6029.299295356711,20.593624765188913
6031.249664089824,20.584081581888192
6033.197292730681,20.585518707587006
6035.146044233974,20.606727975069184
6037.093748763643,20.590122457140872
6039.042310522111,20.577327684886207
6040.990699936659,20.6228890688081
6042.938736748379,20.603680066177724
6044.887337848034,20.605489240201273
6046.835726272397,20.626284158287568
6048.783509165631,20.640762287150245
6050.733221303312,20.639367292646476
6052.677129988979,20.641132403402445
6054.629541452294,20.667994908256013
6056.578206649681,20.63109494228494
6058.525744421677,20.66789892923378
6060.4754606484075,20.666232248979533
6062.42323552841,20.6782016667971
6064.372344519879,20.68057113217099
6066.320362278723,20.660982257804385
6068.269633619988,20.66923390381597
6070.218002091778,20.67922004639906
6072.166769748667,20.67193504407647
6074.11529809608,20.67115462642962
6076.064308938884,20.683748839396564
6078.012699907723,20.688354223106522
6079.962660919768,20.71722418611221
6081.909137090102,20.680478108663202
6083.860556712203,20.71850700274498
6085.807884318445,20.691934894024307
6087.756176027915,20.706634971641726
6089.7061596718795,20.686725489906244
6091.65498797734,20.687739093514047
6093.603951283807,20.684659585808014
6095.553236209304,20.67664880845674
6097.501633622591,20.683686536585704
6099.451362436006,20.6571219130497
6101.399913605353,20.662130158612335
6103.349351484031,20.571488838757098
6105.298182462223,20.58627594918179
6107.247601702682,20.58368475095903
6109.196510433264,20.538377568673177
6111.145771466745,20.52965074458175
6113.088840377866,20.56566390013345
6115.044206201491,20.53616840301897
6116.993453719924,20.549670184385057
6118.942866431281,20.53259251511708
6120.89202368929,20.547453692146455
6122.841482883206,20.560813390046
6124.790774943266,20.54613974683182
6126.740610875662,20.58352085797093
6128.688939908759,20.543912073569892
6130.63955014076,20.593164376279
6132.588123778527,20.555088678321063
6134.538679916333,20.63060465210176
6136.486565126123,20.592652928714394
6138.438015531187,20.617965074619967
6140.386327831501,20.60495892915751
6142.336023442502,20.628215516591872
6144.286089027651,20.620112089504964
6146.2352954080925,20.632615982193492
6148.185058292569,20.576279884409352
6150.1348524349105,20.62936737358907
6152.084460327397,20.586045063818553
6154.034373513878,20.59489890343324
6155.983868021691,20.600807523860475
6157.93420156861,20.614919150016682
6159.883001875552,20.589646957210384
6161.834007534742,20.60784769396323
6163.783045413678,20.620723221640326
6165.7337903609605,20.64002480328653
6167.682173649757,20.60412337226706
6169.633861348728,20.644404080010652
6171.582703814522,20.63811171848993
6173.532997589675,20.637564063262893
6175.48308951627,20.660247627548706
6177.4329589494755,20.643139949452966
6179.383046036091,20.697239103503314
6181.336090115862,20.657340209806954
6183.282380052485,20.727355389412587
6185.234212963221,20.68642879759306
6187.183284100758,20.715843881203476
6189.133916115955,20.71413754560671
6191.084683302429,20.71280658518679
6193.034325534613,20.7341236259416
6194.984452712364,20.749234454844277
6196.934977054152,20.731937755756896
6198.884939950683,20.75518772728818
6200.835567849872,20.686125294782208
6202.785692885448,20.719709486276038
6204.736389387827,20.705842771062756
6206.686324871111,20.747988419125555
6208.637216944816,20.68604943299558
6210.587470888261,20.720799767137017
6212.537860289867,20.703211355454307
6214.488736291817,20.663570825454876
6216.438868287502,20.705164562545
6218.389641074246,20.694157332079023
6220.340595405816,20.722284331862447
6222.290138904974,20.66921954620883
6224.241925689535,20.60893927967104
6226.19026441545,20.523615246315707
6228.142707136022,20.51131459090461
6230.093699443972,20.495897060151954
6232.044085068488,20.442641028922488
6233.99511641102,20.453887699298825
6235.945819029387,20.414784717960764
6237.896435090962,20.433287182337402
6239.847585280647,20.431409991912993
6241.798175858879,20.45495617218237
6243.749526599269,20.46943746238646
6245.699803262086,20.381351419448045
6247.651119240214,20.32845543188403
6249.604596150833,20.33732373240783
6251.552629429017,20.276626801968597
6253.504344380935,20.31088605671666
6255.454626753282,20.335622569106285
6257.406337506565,20.392936990667586
6259.356556226713,20.42212101601448
6261.309224488884,20.443469286188808
6263.258543434588,20.440898218469066
6265.210872778979,20.4816899974958
6267.161620349437,20.438474807088163
6269.112993598109,20.473393014466275
6271.064142001279,20.49148857477531
6273.0154497514295,20.462437041848837
6274.966529044427,20.437659716122432
6276.91834759012,20.452687424929984
6278.869093333448,20.450998607211055
6280.815859412788,20.513684370437552
6282.772245172389,20.49882772051742
6284.723209178928,20.531827099230973
6286.6752081441355,20.45720342852791
6288.626199594777,20.202221608944633
6290.577493999,19.940842000260112
6292.529876167076,19.860003055865626
6294.480433379128,19.830591041315664
6296.4325915458185,19.78244395946023
6298.384194177023,19.75822758839947
6300.335337285083,19.73417203544482
6302.28757905692,19.763393666100534
6304.238840236758,19.750062737697895
6306.190831778748,19.75604745680112
6308.142024424102,19.800404605463093
6310.094423730384,19.78420250670529
6312.045762292757,19.81029708691171
6313.997514123191,19.796716714517665
6315.9497190236525,19.811553003294428
6317.901116080437,19.83952303749249
6319.853447250067,20.030868647456934
6321.80503360993,20.249649097140768
6323.757238357524,20.345033972640444
6325.708763518779,20.462904622170434
6327.661070498006,20.496483352195405
6329.612672353469,20.548215237472895
6331.565350242708,20.584490248758037
6333.516548278934,20.56895342656278
6335.469106475303,20.564911119416927
6337.42126014183,20.546646909630176
6339.372874658404,20.525705082338042
6341.325927924877,20.556226095779472
6343.277450624134,20.57981065680999
6345.229464281335,20.505015096535125
6347.181682275343,20.5234197476287
6349.133875121567,20.548806629492027
6351.086359668423,20.52852127760321
6353.039863749644,20.442042570479806
6354.993605858133,20.355646642228315
6356.943743810985,20.32995009006158
6358.895401108289,20.330427190361014
6360.848431248559,20.334821483945127
6362.799978801924,20.32416373935886
6364.753422619824,20.33452796044906
6366.705165524557,20.33986883846405
6368.664651600118,20.322496478521863
6370.610313334688,20.358987838193762
6372.562953683163,20.35095163715892
6374.51545132782,20.339948556599005
6376.468289226632,20.36201588120408
6378.420288465885,20.411649050300348
6380.373751354616,20.419906249237407
6382.325799378701,20.484168910536262
6384.279006044953,20.651467343960412
6386.2321553411875,20.715269319039244
6388.18447419909,20.75965192055336
6390.137196945431,20.726579106878525
6392.08956064171,20.797083196192794
6394.042814658682,20.751720792848907
6395.995082034386,20.772621212814762
6397.94844248063,20.782341661336922
6399.900699528298,20.80576498172818
6401.854757902983,20.809841064266884
6403.806288496874,20.79550442109045
6405.7602379191185,20.837632152787258
6407.712865583456,20.849374548689177
6409.666131817422,20.917660047421187
6411.620087502693,20.847136091765726
6413.572170348574,20.895528938957916
6415.525096573568,20.855055315080712
6417.478404347213,20.909972943450406
6419.431291921829,20.85107977217718
6421.384768245512,20.864951764213664
6423.3372970957,20.84143759022799
6425.291846129626,20.878319576535
6427.243425009615,20.884183902636558
6429.1978718720675,20.882202201002265
6431.150525995112,20.868619640171993
6433.102169799433,20.873063773206603
6435.057929361251,20.89650483767614
6437.010606350974,20.903782101626852
6438.964553915386,20.932577257672953
6440.917053112702,20.88189365673201
6442.871712339058,20.908331927042873
6444.8242374046495,20.961898796019035
6446.776860513316,20.934359296147825
6448.730968357659,20.90269306670603
6450.685638762741,20.92870637965978
6452.638411439571,20.84565393820585
6454.593671722672,20.784271162558518
6456.545484386279,20.778308008688562
6458.499860387596,20.691630577926837
6460.452982475235,20.67812263899807
6462.406783368246,20.645034736870365
6464.360704803885,20.638249725762442
6466.314162204953,20.618534233215804
6468.268089302092,20.60246370744371
6470.221865561443,20.6249296071663
6472.175749736259,20.650440559776307
6474.129496970066,20.66152847256796
6476.083390441983,20.63933289351511
6478.037331846416,20.686273216201393
6479.990948250754,20.632632621281097
6481.94529659221,20.67467927749272
6483.899043753717,20.695499978226074
6485.8529353501735,20.782004687701082
6487.807296187853,20.704404235843462
6489.760946401339,20.71517509810537
6491.715262289279,20.696402665203628
6493.66922447953,20.688212668174167
6495.623439311042,20.649505846097846
6497.577131322178,20.67564857932782
6499.531568721303,20.652908303686807
6501.48610469658,20.655464239461047
6503.439604518722,20.66361287630877
6505.394954143594,20.663479085639104
6507.348097667095,20.650604878422136
6509.3033649247545,20.65584667163005
6511.256186296747,20.593237424091363
6513.212296808367,20.629276407153164
6515.165463730719,20.592242769472698
6517.120128260267,20.631783566161026
6519.07491046338,20.692076506279427
6521.0287223412,20.732386184572512
6522.983649089303,20.700945527369576
6524.9380123167575,20.6983649419009
6526.892449625779,20.722754002101148
6528.847100922743,20.696261978414547
6530.80145369076,20.714367714428924
6532.756233255621,20.66970971232255
6534.710601990007,20.665209166886704
6536.665458328932,20.641267190359706
6538.620086293966,20.649399087778626
6540.574503122851,20.652184096536537
6542.529774158616,20.551653770130493
6544.48372786288,20.555100191308945
6546.439063046493,20.531021818009528
6548.39353470144,20.5311464655934
6550.3485929528315,20.5041258763873
6552.303072842423,20.51619964866601
6554.25824725188,20.595193667462787
6556.212844682567,20.5767261532883
6558.16823413144,20.58501853970464
6560.122396053621,20.556781771566882
6562.0779784572205,20.576321609817974
6564.029188927838,20.607352837237336
6565.987952935347,20.57407493003074
6567.942454583587,20.499759632422474
6569.897890177118,20.52196217984345
6571.8541261543505,20.466069331506425
6573.807867442933,20.607765713602085
6575.763141301199,20.6593863634046
6577.718175834357,20.711261105111213
6579.673381459718,20.631685651302853
6581.628428069883,20.694333775985193
6583.583919189272,20.72622708093484
6585.537706482753,20.747504377495765
6587.494752020392,20.74513485485071
6589.448407090425,20.724684421123932
6591.405569801804,20.752276789337976
6593.359932754185,20.725035170982657
6595.315461637724,20.69103018596723
6597.271229104264,20.74136266870142
6599.2260294604785,20.80182468399598
6601.181962361544,20.829644882592582
6603.134333842674,20.891753519270445
6605.091858049588,20.882192228678512
6607.049089958318,20.879638479629683
6609.003423606074,20.89372669805922
6610.959148713239,20.866183014414666
6612.915418752186,20.858462376903624
6614.870035867167,20.904767163302147
6616.826375001443,20.927097269421118
6618.781941914205,20.891818434211665
6620.7370568241995,20.92102804822894
6622.693594651797,20.92438663163724
6624.648637329398,20.90553711042984
6626.604720454979,20.94925629085703
6628.560414828974,21.002699808536995
6630.516281942437,20.95721918094805
6632.472026007524,20.958710670379183
6634.427178522006,20.984018279849444
6636.383065672149,20.975740098239463
6638.340389835606,20.993973800352613
6640.295417355167,21.004665386331347
6642.251043438957,20.957735344374065
6644.208710778927,20.99078008025193
6646.162391534382,20.95232551874428
6648.119989195207,20.974462944080763
6650.075889771323,20.972231830687626
6652.030786719488,21.007739773917187
6653.988566188249,21.005570717613757
6655.9434796385485,21.033765152715908
6657.9000585428885,20.992659369835884
6659.855984766216,21.0644908995287
6661.812580929628,21.03992032426374
6663.768542425753,21.054120965520916
6665.724126600904,21.0025329267445
6667.682287215447,21.075398372718688
6669.636090328701,21.013323773796422
6671.594228146879,21.09419861175588
6673.549962084133,21.001411173338816
6675.506000930579,21.06862818667988
6677.4630827697065,21.020375503651273
6679.412234996497,21.062973595640308
6681.380771690685,21.000707001089516
6683.332143776165,21.09561302883575
6685.288291252971,21.057263920345427
6687.245049642389,21.047733091112853
6689.201635438318,21.09111835445136
6691.1576919812,21.085647359580342
6693.1148858120205,21.075010787537444
6695.071010039925,21.054873414162294
6697.0277886563135,21.079645507910165
6698.9844730079585,21.046146958468448
6700.9411133074,21.05492819768373
6702.897711620704,21.063202838351664
6704.8548844507495,21.00879362420421
6706.810543904514,21.03281304964323
6708.7688654524045,20.997028755590996
6710.724276543511,21.030826532075245
6712.682260016416,20.991139982884427
6714.637220941359,21.040604386906573
6716.596491270752,21.020169159711322
6718.55172542455,21.011673653732082
6720.508409256921,21.102188984710402
6722.467794234453,21.016209253041772
6724.421077733603,21.045274419592438
6726.380904415901,20.998921621543396
6728.336437165668,21.042119095830365
6730.2946498515785,21.054468586047868
6732.25031973522,21.04124840079553
6734.208444801051,21.031400876814963
6736.165138545538,21.03939598611455
6738.122323423309,21.038920488026612
6740.079508834425,21.040212920739656
6742.036716056897,21.034152387851968
6743.993431478719,21.053922413618487
6745.951977744149,21.01339533054591
6747.90725810273,21.042298250577254
6749.86603508337,21.052172695998813
6751.823082097764,21.033796959119478
6753.779508735711,21.06321625477218
6755.7382075768455,21.05030459422496
6757.69447941418,21.086910496593326
6759.652380638422,21.07483701025587
6761.609678222056,21.07682515012599
6763.567243083376,21.083480277677374
6765.524454299847,21.09776356490628
6767.481452847845,21.069693974083798
6769.440720268475,21.094661833382624
6771.395723066178,21.096941805009997
6773.357348139195,21.09609135106796
6775.312079187433,21.141692747768154
6777.269618842445,21.096492324370836
6779.227471828523,21.14703984229444
6781.184892364163,21.078701170359373
6783.14271353403,21.135860433577527
6785.097850338662,21.10073996532892
6787.058011760896,21.11999399493491
6789.0160168969105,21.122214600903412
6790.9738791187,21.160917838874944
6792.930756479386,21.121052157643284
6794.88990606989,21.148241616745644
6796.840571507071,21.1430648132362
6798.804713939487,21.155839963164958
6800.763139035049,21.12960474878397
6802.720194446558,21.13125904535753
6804.678721243513,21.156589313879046
6806.636999248206,21.129250778831228
6808.593262531412,21.148732107219608
6810.55340594539,21.142216407180747
6812.509834439306,21.113086563475
6814.468600683434,21.150174988827537
6816.426624361844,21.03088544137257
6818.384456736904,20.849076609577587
6820.34276911455,20.69686058931058
6822.30068926712,20.674211723485506
6824.259491145134,20.47115421306615
6826.216739328714,20.442373891338214
6828.175800551777,20.387104952392157
6830.133040083864,20.36291647262461
6832.092420493758,20.362700527323874
6834.048947848725,20.33699829444928
6836.009085924064,20.33121014669903
6837.966173862678,20.338636254951588
6839.926260159883,20.33734479113088
6841.882353378862,20.332857203881794
6843.842475903753,20.316846911998134
6845.800182020591,20.340406633619175
6847.758855584677,20.39224791713189
6849.7173969121495,20.515762830187647
6851.675631595925,20.484960779633973
6853.633569510495,20.433621800769664
6855.593938494681,20.41050219562829
6857.549962536711,20.42653561775348
6859.510474059001,20.42731134619371
6861.468400708211,20.44778983609043
6863.426951568766,20.489727777025188
6865.385835384155,20.518392879426308
6867.34432434937,20.520767591655947
6869.303045077397,20.50943552307057
6871.261804015546,20.494215246045492
6873.220509753519,20.499289957177602
6875.179387080798,20.50352002575557
6877.137681692295,20.449335882371123
6879.097512209276,20.431497683286487
6881.054981080952,20.4278265981416
6883.013247647216,20.592479179825283
6884.973475610507,20.810225899443928
6886.9322322211365,20.917770301068522
6888.891333102948,20.92443600056243
6890.850230480134,20.938697456633484
6892.808992101837,20.921112555355144
6894.768734855293,20.93151591121576
6896.7265729982855,20.875431733641754
6898.686562999671,20.872567896233726
6900.645260379247,20.866224287235518
6902.604075668272,20.822519115035
6904.5638238745905,20.781586642262063
6906.5205853494,20.75965372935817
6908.482283141671,20.83095382883922
6910.43993017197,20.792999577404892
6912.400958463091,20.721288816705872
6914.358929392706,20.66002917560555
6916.318708739542,20.621262433290973
6918.277766426362,20.620928470227135
6920.237227897826,20.610352730033092
6922.196502150505,20.615302479553513
6924.155298213573,20.65249699070855
6926.116338019852,20.646674273964273
6928.073292643903,20.63323437176249
6930.034486904635,20.55091801573615
6931.9934138799745,20.588204803380215
6933.9524503586335,20.636076496085373
6935.912718156799,20.649918189980404
6937.871537816794,20.56428478705171
6939.831283891039,20.43997508451016
6941.7909645613345,20.413297595678266
6943.750291857,20.505307060118035
6945.70997943015,20.566563937019446
6947.669806223138,20.57856187435464
6949.628771816695,20.60185307482535
6951.589361058812,20.56616620390978
6953.548334121192,20.580071992658596
6955.507885606323,20.534193930039642
6957.469009124009,20.56763789794791
6959.426721687497,20.556386200467024
6961.388150287447,20.642524412122093
6963.347176332709,20.5581911568922
6965.306994252499,20.580134873810273
6967.266943821471,20.533544337287744
6969.2268657561435,20.555305773444196
6971.18638317337,20.676835529757902
6973.147162901152,20.625241677175573
6975.1057284034105,20.68340273489185
6977.066703320426,20.633790212897544
6979.026517437865,20.705918457371986
6980.986689985852,20.655136774180683
6982.945905309082,20.677595039216364
6984.906877932923,20.751946488380163
6986.8643721012595,20.595644357755468
6988.827680871952,20.74154857296245
6990.785572027132,20.74153468207414
6992.747546869114,20.795561986622282
6994.706494231596,20.70901944423739
6996.667844843197,20.784372376341487
6998.626682041389,20.85251767981648
7000.588010077127,20.928624409123806
7002.547462106983,20.86090900614635
7004.508591507284,20.90565455651386
7006.467724597515,20.923825264085643
7008.427288967422,20.984045951658352
7010.388656450542,20.870982250554043
7012.349774216492,21.018348471700612
7014.309240962256,20.93138454764918
7016.270291297639,20.957305511862025
7018.230873060576,20.95814786999228
7020.189911562936,20.95834034610275
7022.152295801534,20.922117198159675
7024.110941138082,21.01415565799484
7026.0722782083685,20.947325080664932
7028.033077463621,21.058046253078764
7029.993398335287,21.029184843628308
7031.95405685859,21.070843986620638
7033.91424367017,21.12092920221891
7035.87598384384,21.059531808170796
7037.834969967934,21.07987371673186
7039.79729639545,20.992345991120906
7041.757148388394,20.909964639614323
7043.717605219415,20.948205485977887
7045.678927675578,20.913672331817445
7047.639143667501,20.90099532895359
7049.600025374564,20.966975925506098
7051.561279515707,20.837064849351798
7053.5213170908155,20.875132570466185
7055.482829779153,20.847108057791893
7057.443247038132,20.87877613750586
7059.404365752637,20.83513650230025
7061.36512808839,20.846164965165748
7063.326198524862,20.844653514318217
7065.287085528872,20.80844072704661
7067.248415258587,20.842687662882632
7069.20847508964,20.894580788803147
7071.170161490197,20.90606322019199
7073.123412195669,20.91866239271463
7075.090842437681,20.94294149969425
7077.054335257631,20.889945206778883
7079.013510268147,20.85434149609184
7080.9754910651745,20.887971986911545
7082.93636193791,20.854026223751255
7084.897694728864,20.84511661015943
7086.858797814881,20.90695878543091
7088.819470975208,20.878988689741483
7090.780703596582,20.89870610809283
7092.742939366164,20.887463318581048
7094.70351501776,20.904081619420843
7096.664483949635,20.86588466368827
7098.627632818768,20.969751255298426
7100.586173216878,20.898742148906912
7102.549708058868,20.970235339348058
7104.510620540127,20.966121032326534
7106.470697174792,20.972503825388706
7108.4344084944205,20.98906492767737
7110.393942734352,20.985980821125217
7112.356043449687,21.074848695509182
7114.317819053917,21.017731088401952
7116.278724960268,21.042296442418056
7118.240358518586,21.000762556596335
7120.201619916534,21.016631626405875
7122.1645654719005,21.03369093357454
7124.124302661631,20.97296610447821
7126.087251859034,21.017681427421074
7128.049142407901,20.985882918643192
7130.008348011812,21.009664088642772
7131.97211055131,21.016351955891047
7133.93246517982,20.92370583007989
7135.895061850416,20.941052789184532
7137.85748165572,20.86700651042313
7139.817988489403,20.888380707510628
7141.780738663343,20.8834285031565
7143.742058413924,20.875839114411555
7145.704299102505,20.910962837015184
7147.665567185842,20.87932231397385
7149.627843961212,20.862261222550337
7151.589395994712,20.90209043329545
7153.550980661485,20.899458896973236
7155.513948049971,20.875531177510418
7157.474926972013,20.90772300115092
7159.441505277439,20.834698409386696
7161.398462155623,20.921936337750374
7163.362376054313,20.913031454787152
7165.31905102911,20.93519327756517
7167.286075185489,20.937804362617932
7169.246296796,20.978477531297607
7171.21072971707,20.945158916687994
7173.170992487721,20.972388577898194
7175.134089146144,21.01223051056423
7177.095716666889,20.984824198372515
7179.058264275892,21.005412128718397
7181.020283325919,21.062693861607208
7182.981861164446,21.033190102413535
7184.946115751165,21.1191863607876
7186.905570034607,21.059582714027705
7188.870228589426,21.134128380804036
7190.831308110501,21.136475584344957
7192.794053915211,21.127710677535298
7194.756122886971,21.204235819653725
7196.718730892586,21.17178505240458
7198.673809012511,21.213942142174155
7200.644247568987,21.168933752410247
7202.604826773044,21.25656288527886
7204.56858647832,21.181070121083444
7206.530735996238,21.149918121050753
7208.492726232742,21.217374881066284
7210.456027553498,21.16934840988757
7212.418068006003,21.21507725769289
7214.379852554218,21.073029117340262
7216.345275504939,21.16907379713779
7218.303663357736,21.062636908135367
7220.269496588543,21.111827344718286
7222.23136682508,21.044662656394998
7224.192468385753,21.05387290325333
7226.157533482991,20.969413078076165
7228.122842811064,20.737596973212653
7230.082023773544,20.40668249808899
7232.043718384684,20.17940316432776
7234.007617899396,19.996042839063172
7235.969540965546,19.8318431729299
7237.932531588566,19.73773197866877
7239.895787584306,19.71805511796949
7241.857635292782,19.707687756225035
7243.821342753508,19.694327765216336
7245.784018254861,19.682665267718967
7247.746746332352,19.67960660043513
7249.709892393057,19.65062953941787
7251.672612607365,19.66888941492794
7253.635624122006,19.633702912706887
7255.598724756188,19.68666749484006
7257.561559888876,19.682345808734034
7259.524666222154,19.76449350099454
7261.4879551509675,19.910127329531228
7263.450026718765,19.981761180451535
7265.414415221756,19.97303179093462
7267.376437645265,19.876423363813423
7269.339743640159,19.85990100738875
7271.303525587971,19.841511953157372
7273.265591800807,19.808312982645454
7275.229556419136,19.73634824963157
7277.192689564558,19.73032442636069
7279.155209397441,19.750024075773077
7281.119512012519,19.736855590808197
7283.081848552369,19.737709434760554
7285.045530530784,19.70836719671808
7287.008675652143,19.6897002994779
7288.972007557666,19.648494709608777
7290.935291396162,19.6603623876049
7292.898945669675,19.665370681803374
7294.861683177314,19.679427044672003
7296.8260165322,19.824942886107657
7298.7885389096855,19.980628538041934
7300.752012663522,20.107046867418042
7302.716393702631,20.076750203903366
7304.678275656088,20.075809998401418
7306.642934366845,19.945624258213265
7308.6060236763415,19.864690023547617
7310.569486062339,19.872744620767953
7312.533182813504,19.836822938740802
7314.496638917696,19.862861211524596
7316.460343326646,19.83108722241756
7318.4234558747785,19.797855938438765
7320.3878658055255,19.753180659421638
7322.350798267753,19.742757066797644
7324.314962087065,19.803771139913614
7326.278180680079,19.781583460728704
7328.2357614252505,19.761654265719365
7330.205589087583,19.59369282371562
7332.1694570665195,19.452161738526705
7334.133310309376,19.442476256683214
7336.096993073648,19.49141716558298
7338.060923772811,19.61257525547179
7340.024596534075,19.639407918349796
7341.988444942991,19.717026723961304
7343.952309483012,19.695397144933573
7345.916144655304,19.72660441650941
7347.880272376054,19.603510694728477
7349.8429786598645,19.67308293460463
7351.80876408946,19.68490117903587
7353.771284514062,19.70715078469147
7355.7358298755125,19.667105286651157
7357.699979269817,19.609858966224614
7359.663306056685,19.575280007343714
7361.628021643601,19.666754763607734
7363.59179434435,19.77039026161234
7365.555550692146,19.829087187654444
7367.5202687496085,19.87615291110665
7369.483652918082,19.85125095277082
7371.448281621361,19.867452285384765
7373.411733154233,19.840033577253145
7375.376675329094,19.860440035313523
7377.340240475364,19.90701591588377
7379.305026189191,19.91987442912511
7381.268055578278,19.97535573678764
7383.233869558481,19.95865727360036
7385.196868245494,19.93183448015929
7387.159768764677,19.956257515306866
7389.125782746223,20.04266571984936
7391.090272894907,20.12130385813574
7393.054295333983,20.073149875839697
7395.018882460292,20.102197815272056
7396.983028340573,20.045061882939812
7398.947519033833,20.05758817244017
7400.911824162602,20.062953894148272
7402.876336358481,20.069881132065525
7404.840618863939,20.02139087832422
7406.805171930327,20.084109581045347
7408.769546387816,20.01758616116613
7410.733825017784,20.12695327954264
7412.699249596112,20.11482332669832
7414.662238187524,20.191683002529764
7416.628104330302,20.254156721713947
7418.591809749343,20.21422840488622
7420.55733051849,20.2762965457972
7422.520704916727,20.373493283404294
7424.486368619976,20.52508571374937
7426.450499119381,20.474618164506857
7428.41497538353,20.49330857527969
7430.379967376233,20.358561986026267
7432.344369147566,20.327961896468658
7434.30907585506,20.30748410346947
7436.274272983464,20.381182663328595
7438.238149686517,20.341290689083102
7440.2037680890235,20.351538491833317
7442.1677373024195,20.33457365930446
7444.133701605652,20.345720369005527
7446.096726832194,20.347697273864476
7448.063187758453,20.395714806037965
7450.02693574554,20.4040479358924
7451.992119165989,20.422972946738703
7453.956907084675,20.388834550901088
7455.922401666535,20.3971092430287
7457.886499893952,20.439441983465137
7459.8525758768465,20.48146744055004
7461.815863715384,20.444702822049983
7463.782121620273,20.363309812496418
7465.746592377859,20.310329521895802
7467.711389479163,20.30230868704688
7469.677038892247,20.197160530192953
7471.641527380167,20.144493730684026
7473.606168217787,20.00884683853713
7475.573028769002,20.030608495472144
7477.535470533948,19.97952423074222
7479.502773082875,19.9642748245354
7481.466611777126,19.98305149134908
7483.432919819046,19.960851917821223
7485.396510360281,19.966137050136844
7487.363038996359,20.01465138296178
7489.327756272704,20.039070854783056
7491.292638981296,20.076408820055086
7493.258544343504,20.10613012615297
7495.223273710726,20.185855172994756
7497.188528492461,20.288819183941804
7499.154389613904,20.28481620647171
7501.112697426085,20.381555655266176
7503.084997693992,20.479906042516767
7505.049014618439,20.58008063939878
7507.017298317317,20.624808420559383
7508.977824772349,20.57415691293081
7510.9471804653185,20.573728853042404
7512.910834762426,20.35353168536404
7514.876726035286,20.166695497084824
7516.842030509892,20.07272621075213
7518.807679780713,20.03970608044424
7520.772378326389,19.943600107496287
7522.739719538608,19.936465829236717
7524.702482494108,19.91174027714984
7526.670366988096,19.928954256263374
7528.634752476036,19.877465636183125
7530.60303824998,19.914016398813608
7532.566066982008,19.845055431835753
7534.531589613616,19.870836799459546
7536.491835261673,19.879206793308676
7538.462379682862,19.870634050134463
7540.429085783664,19.92101584267099
7542.3938026795995,19.963218525686038
7544.360113543624,20.125315309214905
7546.325069163499,20.275988880345658
7548.2918380992805,20.326515913378337
7550.256556715416,20.356699527108454
7552.2224227750885,20.493049335422846
7554.1889419751915,20.447223949824497
7556.153145358012,20.485967670554835
7558.120375617487,20.440813054791867
7560.085396382721,20.3258626515288
7562.051524833677,20.223588022534123
7564.017093663874,20.103788299260877
7565.9831856520195,20.051584126777946
7567.948736542907,20.062271890809278
7569.91530580531,20.054910571945193
7571.879560342241,20.03514681146239
7573.855628003866,20.059390871611605
7575.812342206,19.99913876635798
7577.778840821744,20.035184035323333
7579.744041902096,20.047133581800985
7581.710571186724,20.025356477536043
7583.6764685069265,20.046529480171408
7585.6420073111185,20.089723499364034
7587.6090783711525,20.109924347491507
7589.568843602971,20.111969868533983
7591.540078459089,20.205501622009756
7593.507967037309,20.442706778927977
7595.4709088935015,20.60910679442373
7597.4399746234685,20.722551642240653
7599.404801212706,20.753261342074715
7601.3703718883835,20.82901942479065
7603.33801957295,20.837406016341497
7605.302811254313,20.8956394596511
7607.268788587308,20.83252843369319
7609.2378421187,21.01872970837804
7611.198937679843,20.92857523918469
7613.1696463558355,20.99610651099551
7615.133605538767,20.989865487103465
7617.100842443964,20.935180019134826
7619.066229966789,20.909004208189877
7621.033345473559,20.920405464044627
7622.9989122313045,20.84983984123773
7624.966479727755,20.889775738189662
7626.931035412837,20.81081847231261
7628.898760243813,20.780761833629903
7630.864831825009,20.797646526645927
7632.830606439673,20.78415062328248
7634.798096905416,20.786440598302015
7636.763530831139,20.791811876276235
7638.730500282629,20.87607738542524
7640.696545477631,20.889405007216276
7642.663467270184,20.955035545721763
7644.629651280287,20.936238410034697
7646.595959427,20.921816184846655
7648.563198167458,20.85524304354498
7650.528453007153,20.95819602661134
7652.49561112939,20.794612019342033
7654.46243112203,20.758623507465494
7656.427934663463,20.674521085043573
7658.39616528592,20.665310286826063
7660.361558017156,20.66259191961688
7662.32849753278,20.573024092822713
7664.295644687843,20.672916495263557
7666.261664586298,20.58654264213677
7668.22843190067,20.5713024828323
7670.195134496835,20.528220723184326
7672.161788225717,20.54280522301108
7674.12860137373,20.56244706290837
7676.095256387123,20.52987178867499
7678.0528959659,20.51048610474391
7680.029556642083,20.52559888513766
7681.99422516963,20.519641278775644
7683.963166182772,20.55807276002313
7685.928537207808,20.515184870163743
7687.896179694363,20.54608106785866
7689.862104642621,20.48687323710447
7691.829415685635,20.386125539679973
7693.796191645422,20.46260602152349
7695.763060968019,20.381316827081626
7697.729878957089,20.377253035937606
7699.696837749462,20.227519071005936
7701.66344133198,20.00874833279986
7703.63051916615,19.69916622211212
7705.597283290282,19.413630508147484
7707.564387729905,19.275743137131407
7709.531368513807,19.127245005394023
7711.498131673144,19.10503099351653
7713.465567150947,19.0694225595119
7715.432064291288,19.04953167109276
7717.399460641453,19.045663572910563
7719.366185914504,18.97564016025472
7721.333656230511,19.024550825217297
7723.3003293368765,19.009172931375595
7725.267495750687,19.009753907517727
7727.234630505772,18.996914095904962
7729.201627471308,19.023285813631325
7731.168805395617,19.05986042504616
7733.136175029444,19.188501202623222
7735.102530179638,19.307604384159085
7737.071182061995,19.46638486315164
7739.0367852292375,19.559026456593806
7741.00453058327,19.380363369931878
7742.970447219892,19.268247087538036
7744.938746713068,19.230665068472014
7746.904958393578,19.265970466758567
7748.8732376628595,19.226125351429765
7750.840780264498,19.166088547720157
7752.807543264604,19.130153480078782
7754.775278282526,19.139236016960062
7756.742398892508,19.11757299814773
7758.709649536704,19.142730087530616
7760.677125632329,19.134928846810887
7762.644286024548,19.120861624445602
7764.611584705293,19.08710379813916
7766.577870593331,19.12102118965027
7768.546249277595,19.13470973789986
7770.513980891072,19.225360770351607
7772.480990748085,19.404449301427682
7774.449476094283,19.588031715033175
7776.415069811042,19.613460669497066
7778.384174331122,19.63568557955768
7780.342224815607,19.661738585726702
7782.319024297075,19.632269785315223
7784.285155804601,19.496264895830798
7786.253763002598,19.33549329868051
7788.220782109795,19.326656216877232
7790.187918716371,19.324519434385515
7792.156250859215,19.306458092537447
7794.12300847996,19.301505646559058
7796.091217785347,19.325989202780512
7798.057816851128,19.27877460352847
7800.026799982091,19.247259117627998
7801.993083950645,19.240507766181985
7803.96155617662,19.274069689260337
7805.928292366952,19.253845399362838
7807.896922540513,19.19624059228368
7809.864399157992,19.152912264597383
7811.831717359216,19.02983909873536
7813.799469918108,19.00154443706065
7815.766972002274,19.068091655721965
7817.734879622606,19.150288781520153
7819.702316145976,19.180039389230792
7821.670517322394,19.187836565466405
7823.63736832109,19.17826312989012
7825.608604134644,19.19548750586096
7827.573185942955,19.19398840336836
7829.541443516257,19.25637777066401
7831.508649247238,19.251881724648165
7833.47684242173,19.20888431158064
7835.444280165478,19.206433363663344
7837.412997861566,19.226199293028408
7839.379589932334,19.205987421730505
7841.3484036365535,19.265686145308102
7843.315693363079,19.23485244923412
7845.283570113307,19.154021975879253
7847.251541837622,19.11120251027615
7849.219651112822,19.063570809377588
7851.187236090104,19.010195357010225
7853.155338384426,18.924357436689938
7855.122985793414,18.918417189798355
7857.091156980061,18.887912158057894
7859.058988583797,18.855057687115398
7861.026964007328,18.818713083083658
7862.994999669462,18.799633998490087
7864.9631008371025,18.80089375196517
7866.930886645823,18.817261671563678
7868.899037836123,18.76581523195687
7870.86669544662,18.792904080434987
7872.835184978869,18.833332828442416
7874.802777264398,18.964102567696578
7876.771661296413,19.024964264592207
7878.738248544752,19.076634853531623
7880.707731465435,19.050607493809473
7882.675333071671,19.04038699272956
7884.642672057038,19.087468593936087
7886.6125584547,19.10571458954113
7888.578872417482,19.132177606419184
7890.547986331984,19.20653022183614
7892.516007898818,19.296796336694037
7894.483725204944,19.338817839052062
7896.452281623425,19.33611594607894
7898.42035939581,19.339614198854058
7900.388367334235,19.35866998939148
7902.356734801209,19.271743655878645
7904.324828749289,19.10970777428208
7906.293018966946,18.932658223738635
7908.261632786152,18.954167284652378
7910.229216737013,18.906561101700895
7912.198090338016,18.89713094836599
7914.1659290159605,18.9105206326848
7916.134752446298,18.88670884890194
7918.09452570596,18.90286848813087
7920.0713400113345,18.842797135109286
7922.0392644577105,18.80447223021786
7924.007051581091,18.81313115439213
7925.976624643427,18.757913071346273
7927.9437371904,18.776047899529594
7929.912690498087,18.810978992262783
7931.881021653731,18.873857073271616
7933.849381865254,18.9812944285681
7935.818035916775,19.18625130112253
7937.7862218108685,19.29705255874355
7939.754360051013,19.36870010787478
7941.722143507627,19.41737565189097
7943.691143953117,19.545815952628494
7945.65969783473,19.584643028258675
7947.621191359852,19.637967919450354
7949.595738493637,19.632466950967505
7951.56573197914,19.6513921973664
7953.533655160112,19.60815432437861
7955.501153005314,19.4676753559255
7957.471578406234,19.33766023672417
7959.438371121948,19.289111832356177
7961.407404613281,19.270524442063525
7963.3774501761645,19.24880693571027
7965.342601535849,19.22795907367557
7967.314509183466,19.211607677368626
7969.28123533387,19.16647706951158
7971.250428817633,19.20250168310813
7973.218741797059,19.14960354350196
7975.187443106229,19.163095902702075
7977.1559575822985,19.086393336382933
7979.124638573223,19.127989953092445
7981.093167901777,19.062909410011237
7983.061798105698,18.9638829383968
7985.030541121393,18.91633539162475
7986.998824836841,19.004166643450183
7988.968242232248,19.060481359865726
7990.93608021037,19.097700579342977
7992.905068045633,19.094332029226216
7994.8742664746605,19.099889760033115
7996.841703350111,19.124354776811153
7998.811722209005,19.152548317139413
8000.779721504187,19.20117891523953
8002.748527408566,19.235587087026595
8004.720803940983,19.21152967564526
8006.685830062414,19.21425003667688
8008.6546749613935,19.203510598994974
8010.623852293377,19.19453964420648
8012.59176376034,19.22676940849599
8014.56162893466,19.384818577187026
8016.529544676604,19.378869716285628
8018.498942455037,19.368814194442628
8020.466880672498,19.30859328222413
8022.436587870457,19.309557046881856
8024.404972971126,19.319194531859743
8026.373530371402,19.294596060895962
8028.343241470131,19.321324975844995
8030.311060092854,19.30819529078962
8032.28065396927,19.3384738014336
8034.248761626635,19.381918861241424
8036.218886184801,19.435190824663884
8038.186307208012,19.447386290099267
8040.155006478722,19.50260728768317
8042.123676248063,19.540368240054867
8044.093781286216,19.547634854239924
8046.0622721095315,19.64951864033204
8048.0317738423955,19.8078450503965
8049.999621472889,19.92268751270425
8051.970629562466,19.91226792347235
8053.937215858671,19.792408582017806
8055.907760665423,19.79433830017107
8057.875139392914,19.776632271932435
8059.846870184504,19.736713093308374
8061.821490779136,19.758768518886477
8063.78368459722,19.7638469355556
8065.751615894637,19.788806193299386
8067.721817797243,19.797947048287035
8069.689425344476,19.770187236642364
8071.65964715467,19.849822340416246
8073.627047228231,19.859793248024566
8075.591779594626,19.913253794442433
8077.564631399255,19.937474870761683
8079.528753446074,19.954017299856268
8081.504092671751,20.08015043416011
8083.473448954447,20.083866857455966
8085.442449211254,20.239320325763693
8087.41163702135,20.25405688158721
8089.379983304957,20.22158547333033
8091.355000018328,20.176850398274603
8093.3180702626805,20.076712637430496
8095.288072737703,20.079966007002604
8097.2539164383315,20.041329518610404
8099.22562443881,20.055683126148757
8101.195691094518,20.082626927587818
8103.164175252411,20.09714879240982
8105.134711022148,20.124749926391708
8107.103138598443,20.12115240270466
8109.071370948416,20.140568288431503
8111.041001348763,20.159302315369168
8113.0106390531855,20.098558607595585
8114.977258948206,20.19347681783635
8116.94924004083,20.221780700704365
8118.917427139071,20.225035278747306
8120.886473862676,20.266515840339018
8122.856891921465,20.353051826764492
8124.824599256887,20.369905297078468
8126.794808363429,20.445141329247456
8128.7634544395,20.437761284634824
8130.732748226401,20.469916881875314
8132.702327741003,20.44882474831963
8134.671390454738,20.290805478966924
8136.640409147408,20.445820556833247
8138.610413497939,20.306472784648427
8140.578762223841,20.39678390235519
8142.548537087206,20.316293820527157
8144.517933571082,20.380353377017308
8146.486622388074,20.330110797308983
8148.456668508398,20.371238159309733
8150.425381445896,20.412337116915758
8152.39520798678,20.39826741549259
8154.363750254568,20.452657054159168
8156.333809523608,20.452177991824435
8158.302947807191,20.383428567048348
8160.271256594213,20.498855599058793
8162.243043739318,20.439535574689437
8164.210819154137,20.47839513878143
8166.1808101728475,20.55727940391109
8168.149156446944,20.581170789065915
8170.119418549661,20.599628716890756
8172.087788526449,20.53443407653601
8174.057761890793,20.58128263047802
8176.027272327784,20.486219291750935
8177.995744466988,20.43879676526172
8179.966110297938,20.40076812666154
8181.93497452681,20.38611873706612
8183.904372470507,20.353073579462254
8185.874222207193,20.393889751571955
8187.84299058699,20.279157398127147
8189.813244551832,20.30266481090512
8191.781796567724,20.260313607463665
8193.7520814942,20.232554022737865
8195.720454945642,20.22933984153999
8197.690649844297,20.202928566608897
8199.65980352366,20.199715169118797
8201.62893087411,20.230838450682107
8203.59920359553,20.24547558547558
8205.568123383342,20.1774764187577
8207.537804222457,20.25447784742706
8209.507349420819,20.241303380934546
8211.476420923622,20.27137259207074
8213.446170893487,20.306220369165096
8215.416163854097,20.25656940963868
8217.383922244362,20.42402104153411
8219.355987381023,20.379529632681546
8221.323464001103,20.382446874737205
8223.294009078643,20.48412639876124
8225.25953773234,20.441163778531454
8227.233565375454,20.4989197742106
8229.201869390592,20.529219944741776
8231.171596505648,20.486293354050368
8233.141768405121,20.54644354370084
8235.110438843218,20.525379841690743
8237.08035045028,20.461014255993284
8239.050611159526,20.50751591863645
8241.018185418057,20.475841149843014
8242.990283057614,20.473686223865393
8244.957931870766,20.473260001489756
8246.936590629753,20.395178115017437
8248.897471905868,20.47522569466806
8250.867553551738,20.440899149857877
8252.83683631788,20.42899025666369
8254.806609299689,20.426366013434567
8256.775932866358,20.41115368635311
8258.745972290673,20.38002381560083
8260.715138644826,20.353096128445806
8262.684627604498,20.30091970401937
8264.654939460703,20.237748105387375
8266.623600430077,20.068097581565205
8268.593807747984,19.900703654380628
8270.56346109191,19.738871766780953
8272.532511454125,19.49809155974237
8274.502852331912,19.346341029819023
8276.47206205872,19.22054959190499
8278.441662284493,19.08423803295937
8280.411321663642,18.93069309467716
8282.38140276923,18.850795997367435
8284.350707450096,18.775776385600317
8286.32064412099,18.690080104463384
8288.289745403825,18.561646777426084
8290.260337090176,18.53401332599413
8292.229256449109,18.449601658954627
8294.199440216911,18.431377662128348
8296.168468877726,18.441393285667594
8298.139024600829,18.476895649550507
8300.108112162916,18.475553410655557
8302.077866523276,18.55406796584804
8304.048139463905,18.571205674445984
8306.017007309041,18.66702848971601
8307.98755744269,18.755333604751833
8309.956285834935,18.83912511561396
8311.927746745272,18.956401763997725
8313.895102356577,19.036822197909252
8315.866753683189,19.114275725210994
8317.835734725324,19.260166473032193
8319.805506353221,19.420852901973383
8321.77535834055,19.658568061583928
8323.74498925579,19.72459316370098
8325.7141486681,19.73458303724255
8327.68544805615,19.569090321694922
8329.652947417555,19.509785757226474
8331.62429407555,19.294794568033474
8333.593468113731,19.030339713887052
8335.56314201879,18.74030042993416
8337.534761568615,18.57920588839091
8339.502742932458,18.49482305748436
8341.472977660336,18.418326627410515
8343.441760069201,18.337360830041952
8345.412999255728,18.307676382216975
8347.38152403944,18.2732173034643
8349.352030786491,18.231401806542898
8351.321133887575,18.234082176393052
8353.291773393737,18.224130954648025
8355.260892647673,18.255424479594048
8357.231097122956,18.26268290190756
8359.200710828924,18.298646027381572
8361.170511964754,18.338633517723586
8363.140323185089,18.458245741285502
8365.110437466208,18.62931565863304
8367.079129935068,18.86388889365802
8369.050997008904,19.067116157624447
8371.018801128203,19.10017698028917
8372.989308225568,19.135997285539396
8374.959664694663,19.15625266540372
8376.928337746389,19.25916163181929
8378.899240863722,19.219963652379
8380.867809910662,19.206739768244297
8382.83985826216,19.126642793769754
8384.805712145291,19.111673688725837
8386.778934863214,18.992087307919796
8388.747801488431,18.8368618652974
8390.716648410233,18.668986584650163
8392.688239045632,18.60625480717504
8394.656556431299,18.552902974756073
8396.627098757,18.53421237534956
8398.597197595718,18.532220608038493
8400.56625565099,18.539493947302482
8402.53675938282,18.537484385415077
8404.506378298693,18.59120705138897
8406.475781642877,18.505925071550273
8408.446519801706,18.530259022509874
8410.415537583749,18.49921656222022
8412.385601111486,18.482695624775197
8414.357538709333,18.49141684247916
8416.32471524028,18.454424820633697
8418.295578449428,18.447483708677503
8420.264802897746,18.42821110665519
8422.235201425126,18.379143360604793
8424.204236280613,18.404391283652622
8426.174871769852,18.402650858545847
8428.144401053702,18.389849638802765
8430.114027632277,18.411101591666828
8432.084387544348,18.39998070049645
8434.053722055698,18.431650291217842
8436.023915964084,18.483287283818093
8437.993434551367,18.49106141785048
8439.963677433725,18.508897616654785
8441.933239217795,18.518619193437154
8443.903607197615,18.483583875473805
8445.872919298849,18.454547773445093
8447.84297023512,18.457148778832753
8449.812723838857,18.55457480563151
8451.782523300117,18.721795043717655
8453.75279220347,18.67652783349056
8455.721598528282,18.65426546498258
8457.69249403518,18.562892032718757
8459.66175276692,18.522151541290746
8461.632296044876,18.484100284882054
8463.601603368743,nan
